s1	n1	a1	c1
S1-9967552	Abagail Gilkey, DDS	4008 Clarendon Avenue, Chicago, IL	US
S1-762305588	Swastik Engineering Private Limited	507, Siddharth Building, 96, Nehru Place, New Delhi, South Delhi, Delhi	India
S1-262072611	Prudential Producer LLP	New Cit Road, 3Rd Floor (Lu Husn Sarani), Kolkata, West Bengal, Howrah, P-40	India
S1-61720924	NZ Spartacus LLC	Pleasant Garden, NC, 6131 Quail Hollow Drive	US
S1-586514087	Proactive Chemicals Partners	H. No. 1392/A A/P Man, Rajiv Gandhi Infotech Park, Maan Road Hinjewad, Pune, Maharashtra	India
S1-241794283	XW Agrochem Private Limited	No.65B, 1-St Street Dharapuram Road, Thillai Nagar, Tirupur, Coimbatore, Tamil Nadu	India
S1-36308814	Tova Enterprises LP	VA, James City County, 4036 Ambassador Circle	US
S1-205307835	Vision Systems Private Limited	1/68(Old), 142(New), 2Nd Floor, Shop No - 201, United Complex, Nicholson Road, Mori Gate, Delhi, North Delhi, Delhi	India
S1-392964513	Womens Health Center	4021 Iona Circle, Anchorage, AK	US
S1-64390525	Janakpuri Stockist Limited	Plot No - 22 Fateh Nagar Village, B1 Block, Janakpuri, West Delhi, Delhi	India
S1-674044000	Southern Clinic	No.101/F Village Gharonda Neem Ka Bangar Main Road Village Patparganj, Near Mayur Vihar Pha, Se-I, Delhi, East Delhi, Delhi	India
S1-668535438	VF Bankshares Inc	3549 Utah Street, Arlington County, VA	US
S1-598299734	Uptown Hypnosis!	7008 Almaine Drive, Holland, OH	US
S1-42958555	Bishop Worldwide LLC	7701 Lincoln Street, Fl 0, Wichita, KS	US
S1-79188496	Bernardi's Massage	2375 Caballo Avenue, Unit UNIT 202, Bozeman, MT	US
S1-756335707	Erinna's Health	5239 Patrick Henry Drive, Brooklyn, MD, Fl 0	US
S1-612763328	Sun Modern Technology Limited	3-Bgopala Tower 25 Rajendra Place, New Delhi, Central Delhi, Delhi	India
S1-439513075	Saket Consulting Pvt. Ltd.	New Delhi, Saket, Avantika, J Block, Main Market, 504, Delhi	India
S1-436093782	Unified International Inc	44588 Strabane Terrace, Loudoun County, VA	US
S1-723315671	Universal Hospitality Private Limited	Jaya Nair, 63, 72/1, Waterford Apartment Ecr Thiruvanmiyur, Chennai, Tamil Nadu	India
S1-891485332	Natalina Belford Unified Network Inc	13 Prairie View Court, Durham, NC	US
S1-381182417	Dream International Private Limited	No.19, 3Rd Cross, Gundappa Block J C Nagar, Bangalore, Karnataka	India
S1-746084135	True Trust	No. 44, Ratan Singh Layout, Kavalbyrasandra R T Nagar, Bangalore, Karnataka	India
S1-661898380	Vision Technology Private Limited	Shop No. 8B Ground Floor Block No C-10 Cloth Market Sanjay Place, Agra, Uttar Pradesh	India
S1-759221281	Sai Energy Private Limited	B-1/9, Sec-F, Kapoorthala, Aliganj, Nirala Nagar, Lucknow, Uttar Pradesh	India
S1-816717383	Royal Total Social Inc	2375 Horizon Circle, Shakopee, MN	US
S1-736871250	Jenna's Analytics	3534 Olney Street, Indianapolis, IN	US
S1-155577946	Jordan Certified Lending LLC	17700 Farm To Market 365, Beaumont, TX	US
S1-156945473	Classic Analytics Collective, LLC	404 Treeline Lane, Springfield, IL	US
S1-662274775	Rios, Sadler & Andres Inc.	5224 Laurelwood Lane, Huntsville, AL	US
S1-80547941	Happy Seafood!	Unit B, KS, 927 Bertrand Street, Manhattan	US
S1-168182133	Peterson Legacy Canadian	28 Captain Linnell Road, Orleans, MA	US
S1-560292694	Harbor Fresh Computing LLC	258 John Street, Hillsboro, OH	US
S1-883063197	915 Lexington Way Associates Clinic	12201 Marne Lane, Bowie, MD	US
S1-246385797	United Software Private Limited	Plot No.14, Phase-1, Madhuranagar, Opp To Jntu, Qutubullapur, Hyderabad, Telangana	India
S1-588587579	Srr Services Private Limited	Plot- Lr-127, Near Jorapukar Barmanikpur, Midnapur, Midnapore, West Bengal	India
S1-304663649	Direct Custom Acquisition	103 Nelray Boulevard, Austin, TX	US
S1-783634657	Shiv Tea Ltd	3 T 13, Mumbai, Pinnaacle Business Park, Mahakali Caves Road, Andheri (East), Mumbai City, Maharashtra	India
S1-166141123	Mcneill Centers Inc	Tempe, AZ, 2104 Rio Salado Parkway, Unit 323	US
S1-951271467	Light Imperial LLC	401 Hollow Brook Drive, PA, Middlesex Township	US
S1-456611519	Anchor Property Company	42948 Moonridge Road, Big Bear Lake, CA	US
S1-104397341	Choice Huntington	330 Ferguson Bend, York County, VA	US
S1-967657575	Mountain Fannie	8598 Eberhart Road, Dover, OH	US
S1-461590915	ME Services Limited	S.No 40E, G-101, Kapila Matrix, Koregaon Park, Pune City, Pune, Maharashtra	India
S1-314227088	Davita's Select Hair Studio	51 Boylston Street, Watertown, MA	US
S1-989120762	Louisa Tran Colonial Airport LLC	210 Carter Lane, Swayzee, IN	US
S1-756457133	Clear Cloud Advisors Inc	OH, 3237 Mckinley Avenue, Unit 102, Columbus	US
S1-820226221	Delta Pinnacle Therapy	2871 Armstrong Valley Road, Murfreesboro, TN	US
S1-369211890	Wilber Allied Ave	2489 Victoria Hills Drive, Unit 202, Columbus, OH	US
S1-344070087	Burris & Kim LLC	111-58 167 Street, Jamaica, NY	US
S1-728479081	Bombay Systems Private Limited	Mumbai, The Fountainhead 38, Pali Village, Bandra West, Maharashtra, Mumbai City	India
S1-71322206	Mcabee & Tyner PC	IL, Springfield, 5171 Old Rt 36	US
S1-225002246	Exports Den India Pvt Ltd	Chennai, Tamil Nadu, 2/15 Gangaiamman Koil Street Jafferkhanpet, Chennai	India
S1-205536988	Claudina's Horizon Motors	18044 Game Farm Road, Brownville, NY	US
S1-895421675	Holdings (India) Medi Pvt Ltd	Tower A, 3Rd Floor, The Millenia No. 1 & 2 Murphy Road, Ulsoor, Bangalore, Karnataka	India
S1-800982723	Ks Consulting Pvt Ltd	Dr No. 15 178 Raju Road, Ananthapuramu, Anantapur, Andhra Pradesh	India
S1-543282271	Highland Federation	Albemarle, NC, 34536 Mabry Road	US
S1-414564751	Exponentia Developers Partners	3B M M Feeder Road, North 24 Parganas, West Bengal	India
S1-743604525	Shiva Foods Limited	Telangana, Kln Enclave Nagarjuna Nagar, Near Kamma Sangham Ameer, Pet, Hyderabad, H.No: 8 3 898/30/203	India
S1-65079302	Electronic Commercial Associates, LLC	587 Red Barn Road, Dalton, MA	US
S1-93520042	Advanced Robinhood	2304 Lynn Road, Huntsville, AL	US
S1-932911903	Meex	3659 Vermilion Court, Eagan, MN	US
S1-448318120	Men (India) Power Private Limited	Tamil Nadu, 32-7, Coimbatore, Senguptha Street Ram Nagar	India
S1-954207056	Agarwal Ventures Co	Rajanagar Colony, Uppal, H. No: 1-40/12/1, Rangareddy, Hyderabad, Telangana	India
S1-677528474	Royal Vision Consultants Private Limited	Kanchenjunga 7Th Floor18 Barakhamba Road, New Delhi, Central Delhi, Delhi	India
S1-16558469	Cascade Trust	331 Westmoreland Street, Mason, TX	US
S1-852066588	Scholar Foundation Private Limited	H No 722, Rasulabad Road, Sindi Meghe, Wardha, Maharashtra	India
S1-986886103	Lamb, Mccune & Benzel LLC	4152 Church Street, Zachary City, LA	US
S1-180245640	Seatech Services (India) Pvt. Ltd.	Block No.166/140, At & Po Luna Nr. Narmada Canal, Tal. Padra, Vadodara, Gujarat	India
S1-976277750	Eco Beverages Private Limited	C/O-Pradip Mandal, Vill-Naridana, Chiner More, Champahati, South 24 Parganas, West Bengal	India
S1-690210830	Bommarillu Conditioning Limited	1106, 11Th Floor, Signature Elite, P. No. J 7 Govind Marg, Gokul Vihar, Jaipur, Rajasthan	India
S1-607794265	Clean Technologies Pvt Ltd	Od-59/2212-C- 1-7 Nirala, Nagarsheupurwa, Vn Varana, Varanasi, Uttar Pradesh	India
S1-635747867	Kao and Knighton	IN, 4474 150, Shelbyville	US
S1-300385828	Creative Transport LLC	Lancaster, 2078 Creekbend Drive, OH, Fl 2ND	US
S1-205688323	Klamath Falls Innovative Siddhi	3307 Washburn Way, Klamath Falls, OR	US
S1-386120540	Innovative Defense Systems	403 Robinson Road, Conesville, NY	US
S1-471046052	New Agrotech LLP	Second Floor, Mpl No.8750, Plot No.3 Block Bo.4, Desh Bandhu Gupta Road, Paha, Rganj, New Delhi, Delhi	India
S1-899760225	Compass Inc	110 Mimosa Drive, Albemarle County, VA	US
S1-227804819	Benjamin School of Medicine	2599 Evans Road, Unit 309, NC, Morrisville	US
S1-421775323	Cross Total Metal Works LLC	820 Arbor Creek Way, Bldg 8, Nashville, TN	US
S1-705164379	Ramirez Electric, LLC	11222 Erskine Street, NE, Omaha	US
S1-107962049	Veterans Initiative	21705 Harris Station Road, Tanner, AL	US
S1-49198709	Medford Heritage Fellowship	67 Andrews Street, Medford, MA	US
S1-481631563	Velazquez Select Wave Inc	11526 Central Park Court, Fl 0, Wichita, KS	US
S1-750354498	White Investments Private Limited	Pratap Enclave Colony, Biarat Road Shahjahanpur, Sadar, Shahjahanpur, Uttar Pradesh	India
S1-193011160	Srinathji Traders Private Limited	Tamil Nadu, Coimbatore, Sf.No.2348/5B, 234B/3B, Marianrose Garden Kannampalayam Pirivu, Peedampalli Post, Coimbatore	India
S1-603114922	Sosonvue Care	4901 Kelly Creek Road, Odenville, AL	US
S1-108433888	Surya Food Limited	Office No. 7, 2Nd Floor, Dnk Business Bay, Pune City, Pune, Maharashtra	India
S1-93720071	Custom Better Alternative LLC	14593 Banff Lane, Surprise, AZ	US
S1-256439996	The Dent Deli	1276 Cross Street, Unit 21, Lincoln County, OR	US
S1-937633621	Swinney Empire Invest	67 Day Street, Unit 5, Fitchburg, MA	US
S1-81952532	Seven Solutions Private Limited	Fno305 Sindhu Apartment, Chinthareddypalem, Nellore, Andhra Pradesh	India
S1-449562458	Layney Williams, Esq., DDS PC	115 William Wade Avenue, Dundalk, MD	US
S1-269268644	Future Investment Private Limited	Room No 102, 1St Floor, 174, Gold Mohur Chsl, S G Marag, Lohar Chawl, Kalbadevi, Mumbai, Maharashtra	India
S1-514574595	Sun Hospitality Private Limited	H No A266, Jeev Business, Triveni Nagar, Gopalpura, Jaipur, Rajasthan	India
S1-987504936	Liberty International LLC	3774 Feather Lane, Elsmere, KY	US
S1-557619316	Consultancy Maa Finance Private Limited	565, Pahwa House, Kataria Colony, Panipat, Haryana	India
S1-787990520	Stellar Foundation Corp	208-211, Crystal Arcade, 2Nd Floor, Nr. Telephone Bhavan, C.G. Road, Navran, Gpura, Ahmedabad, Gujarat	India
S1-576661487	United Technologies Private Limited	Geet Neet Shanti Nagar Chs Ltd, Shanti Nagar, Sector -2, Near Ayappa Temp, Ple, Mumbai City, Sh5/A-10., Maharashtra, Mira Road	India
S1-229312189	Tamarah's Global Software	2505 Woodlark Circle, New Hanover Township, PA	US
S1-501498395	Cunningham Tailwind Inc	99 144, New Baltimore, NY	US
S1-565960015	OGK Legacy Bain	524 Coronation Avenue, Gahanna, OH	US
S1-12608414	Silver Bike Shop! LLC	56 Dunsford Drive, Bella Vista, AR	US
S1-656765176	Balaji Technologies Pvt Ltd	H No.5-8-352, Flat No 614 Raghava Ratna Towers, Chirag Ali Lane, Abi, Ds, Hyderabad, Telangana	India
S1-62884440	Atlantic Committee of Chicago LLC	1933 Richmond Street, Chicago, IL	US
S1-767241864	Hansen Ventures PLLC	1907 Links Boulevard, Morristown, TN	US
S1-79913924	Builders Gtb Solutions Ltd	C-146, Khasra No. 41/1, G/F, Gali No.4, Indraprastha Colony, Vill.Burai City, Shalimar Bagh B, Urari, Delhi, East Delhi, Delhi	India
S1-832336324	Bell Goldblatt Americas Co	5685 Bairsford Circle, Columbus, Unit 2, OH	US
S1-732432592	Smith Hologram	3573 Winesap Road, Cottonwood Heights, UT	US
S1-381980648	Marge Chester, P.A., P.C. Corp	26730 Felton Avenue, Wyoming, MN	US
S1-576642796	Novay Lending Clinic	1508 Dartmouth Avenue, Muncie, IN	US
S1-521162953	Cardiology Clinic	ME, 473 Ridge Road, Plymouth	US
S1-664937373	4779 Second Ave Realty	Oxford, 66 Walnut Street, MA	US
S1-839675852	Womens Health Partners L.L.C.	Lynwood, IL, 20000 Park Avenue	US
S1-401629784	TJ Vii LLC	203 Southwind Drive, Warren, OH	US
S1-597280408	Pratap Bhawan Bahadur Shah Zafar Marg Treatment Private Limited	201-205, 02Nd Floor, Pratap Bhawan Bahadur Shah Zafar Marg, New Delhi, Delhi	India
S1-763151641	Captain Entrepreneurs (India) Private Limited	Hyderabad, Sy No 20 And 28/1, Tirumalagiri, Telangana, Plot No 162, Hyderabad	India
S1-7056650	Keia	915 Chelsea Avenue, Rockford, IL	US
S1-216703272	Smart Ventures Pvt Ltd	Radha Krishna Niwas Sikanderpur, Muzaffarpur, Bihar	India
S1-688119041	Products Disha (india) Private Limited	Sra 82 A Shipra Indirapuram, Ghaziabad, Uttar Pradesh	India
S1-909506602	929 Lincoln Ave Apartments	4060 Mason Drive, Hoffman Estates, IL	US
S1-591601171	Chiropractic Associates Inc	5959 Galleon Court, Hilliard, OH	US
S1-772041302	P/J Arrived Inc.	1003 Gotham Drive, Smithtown, NY	US
S1-112852780	Real Construction Private Limited	Maharashtra, I-1004, Bandra East, Mumbai, Jade Garden, Mig Colony Gandhi Nagar	India
S1-324393376	Saraswati Safety Co	C/O G L Saraf & Co 1St Floor46 B B Ganguly Street, Kolkata, Calcutta, West Bengal	India
S1-349198005	Giacobbe Pampa LLC	144 Rouzie Drive, Tappahannock Town, VA	US
S1-37415378	Marketing Birla Textiles Private Limited	No.101, 1St Floor Medavakkam Main Road Keelkattalai, Chennai, Tamil Nadu	India
S1-118438753	Vasquez, Ceil P., DO	1500 Yupon Street, TX, Baytown	US
S1-923932476	Sunrise Enterprises	No. 4/18, 1St Floor, Manjunatha Nilaya, 4Th Cross, 5Th B Main, Madiwala, Bangalore South, Bangalore, Karnataka	India
S1-333864163	Clara's Secure Tire Shop LLC	Halethorpe, MD, 2923 Florida Avenue	US
S1-636600600	Aurus Thunder LLC	952 Plata Avenue, Mesa, AZ	US
S1-50972148	Interstate Project	Libby, MT, 248 Boulder Lane	US
S1-747795962	Deriso & Tilley LLC	657 Coolbrook Road, NC, Union Grove	US
S1-148417258	Cornerstone	24937 290th Avenue, Town Of Birch Creek, WI	US
S1-462242154	International India Private Limited	C/O Sanju Devi Allaipur Khadaua Etah Uttar Pradesh India, Etah, Uttar Pradesh	India
S1-365864939	Physical Therapy Select Health P.C.	3985 89th Avenue, Unit Lot 5, New Town, ND	US
S1-19319849	Solstice Tbk	605 Central Avenue, Paris, IL	US
S1-38462541	Prissie Ramirez Bread	Tucson, AZ, 1635 Hyperion Street	US
S1-1805111	Bank Technologies Limited	D No7-2-24/3, Kodeti Vari, Narasayya Agraharam, Bhimavaram (Mdl), West Godavari, Andhra Pradesh	India
S1-548486292	Shyam Logistics Private Limited	No.6 Vivekananda Road Ramnagar, Coimbatore, Tamil Nadu	India
S1-580580616	International Exports Private Limited	Flat No.A-406, Five Elements, 80 Feet Mamata Hospital Road, Pakabanda Bazar, Khammam, Telangana	India
S1-1644385	Coastal Arcelormittal	77 Hidden Valley Drive, Newark, DE	US
S1-35557929	Cummings, Pierette S., DDS	132 Spruce Terrace, Island Lake, IL	US
S1-626148465	Weaver's Ice Cream	126 Falls Drive, Westminster, SC	US
S1-106756582	Ridge Initiative	420 Delane Flora Road, Bowling Green, KY	US
S1-581289837	Red Consultants Private Limited	Office Number 5, Ea 45 Scheme No 94, Ring Rd, Dewas Naka, Lasudia Mori, Indore, Madhya Pradesh	India
S1-829975574	Genuine (India) Advisory Private Limited	G/3 Shilpa Aprtmentsjagdusha Nagar Golibar Road Ghatkopar West, Mumbai, Maharashtra	India
S1-228747685	F 4 All Jewelers	85 Country Club Boulevard, Mountain Brook, AL	US
S1-81683043	XZ Resource	WA, Yakima, 740 Woodward Road W	US
S1-893422040	Regent Foundation	Chenamangalath House, Kodungallur, Thrissur, Kerala	India
S1-927339969	Vijay Medical Centre Company	Lachipur Gate, Sitarampur, Barabani, West Bengal, Bardhaman	India
S1-571193826	Bharat Life Management Pvt Ltd	Prakashgad Hsg Soc., Sector No26 Hno 5 Pcntda, Pune City, Pune, Maharashtra	India
S1-92576582	Thy Allied Pvt Ltd	Plot No.14, Jp Residency, 5Th Cross, Kothanoor Road, Suncity Layout Jp Nagar, Bangalore, Karnataka	India
S1-153392572	Houston Modern Environmental	6320 Cebra Street, Houston, TX	US
S1-804493130	International Consultants Private Limited	D-3, 4Th Floor, Street 35, A-337, Chattarpur Enclave, South West Delhi, Delhi	India
S1-540999737	Green White Hospitality	4C/6 Rajender Nagar, Central Delhi, New Delhi, Delhi	India
S1-302396614	Great Family Practice LLC	Huntington, 34 9th Avenue, NY	US
S1-877717347	Merlina Gillen, DMD, P.C.	VA, 107 Orchard Court, Berryville Town	US
S1-814195802	Veex	11115 New Halls Ferry Road, Unit SUITE 306, Florissant, MO	US
S1-471636103	Kearney Clear Americas P.C.	Scottsdale, Fl 1, AZ, 7706 Los Gatos Drive	US
S1-580664796	Benally Hancock Group	39861 Bosque Road, Hempstead, TX	US
S1-992345288	Baur Ridge Coca Inc	7383 Carina Lane, Lakeside, AZ	US
S1-790201513	Wells Certified Wheeler	1861 Columbia 61, AR, Magnolia	US
S1-805715749	Valley Industries	1320 7th Street, Wilmington, DE	US
S1-294690251	Edeline's Electric	215 #3 Mariposa Place, Taos, NM	US
S1-79979594	Frontier Hotels	511 Emma Road, Asheville, NC	US
S1-32882325	Green Grand Gold	South Bend, IN, 23376 Arbor Pointe Drive	US
S1-716133785	Imperial Traders Private Limited	C/O Pool Mati Yadav, Scooter India, Gate 2 Ke Samne, Gouri, Sarojani Nagar, Lucknow, Uttar Pradesh	India
S1-643952003	Vision Care Associates LLC	1218 Cambridge Street, Unit B, Cambridge, MA	US
S1-909731251	Warriner & Miller PLLC	12914 Pinnacle Drive, Germantown, MD	US
S1-134876235	M X Baier Security Inc.	3950 -214 Battery Boulevard, Williamsburg City, VA	US
S1-480411307	Jatin & Sons Limited	Flat No. 601, Maharashtra, Mumbai City, Badlapur East, Building No.8, Hazel, Mohan Highlands, Kartap	India
S1-964248701	Slate Inc	11305 Timber Road, Cleveland, TX	US
S1-50909023	Atlantic Holding Company	6228 10th Street, Phoenix, AZ	US
S1-892352204	JW Infra Ltd	Room No.33/252 A27, A28, 3Rd Floor, Cp Tower, Kozhikode, Kerala	India
S1-700999075	Faustina Klein North Clinic	9405 Thornewood Drive, Parkville, MD	US
S1-244715870	Bay Academy	220 Downs Drive, Warsaw, IN	US
S1-207028228	India Flamboyant Informatics Private Limited	H-55, Rajnagar, Sector-23, Sanjay Nagar, Ghaziabad, Uttar Pradesh	India
S1-277558727	Elliott & Lee Columbus Center	80 Washington Street, North Tonawanda, NY	US
S1-246210075	Keeler Royalty	2904 Niagara Drive, Austin, TX	US
S1-910015860	Glanton Cyber	1908 County Road 4240, Chifton, TX	US
S1-203476421	Precision Biomedical Holdings	3319 Webster Avenue, Kansas City, KS	US
S1-827886891	Twisted Yoga LLC	1211 Blake Street, Rockford, IL	US
S1-293159186	Creative Dynamic Xcel Inc	1447 Verde Drive, Bullhead City, AZ	US
S1-640133029	Cozy Tattoo	805 Sandringham Drive, TX, Friendswood	US
S1-948481912	Krishna Technology LLP	Belgaum, Chikodi, Karnataka, C/O Vinod Suryavanshi, Near Gotan Galli	India
S1-626497823	Mcmurtry Consulting LP	709 8th Street, Virginia, MN	US
S1-747270966	Emerald LLC	3240 421, Frankfort, IN	US
S1-604184050	Fast Industries Group Corporation	H.No. 124 Rasoolpur Sadat, Lucknow, Uttar Pradesh	India
S1-412978817	Adaline Lopez, L.C.S.W., M.D., P.C.	1602 Arlington Boulevard, Unit 9, Greenville, NC	US
S1-503226864	Allwyn Nursing Home	Bank Road, Building No. 5/2316 B (63/225) Variyam Valappu, Kerala, Kozhikode	India
S1-373005102	Nichols Enterprises LLC	2337 Kathleen Drive, Greenville, NC	US
S1-304136108	Kaushal Security Private Limited	Himayunpur, Kanshiram, Nagar, Kasganj, Kasganj, Etah, Uttar Pradesh	India
S1-640758213	Becker Cap	IL, Chicago, 6533 Marshfield Avenue	US
S1-121792960	Pioneer Ventures Limited	Tamil Nadu, Cuddalore, Sankara Naidu Street Thirupapuliyur, No 21/49, Cuddalore	India
S1-733389117	Olney Family Rapid Church	815 Boone Street, Olney, IL	US
S1-614107471	Seven Vijay Infrastructure Private Limited	Ff - 144, Aashiyana Green Park, Ghaziabad, Uttar Pradesh	India
S1-940359613	Mastrangelo, Kilbourn and Montgomery LLC	IL, Chicago, 3822 Hermitage Avenue	US
S1-32563631	Shivam Infrastructure Private Limited	8, Leninsarani 1St Floor, Kolkata, Howrah, West Bengal	India
S1-705951482	Big Technology Private Limited	Fmc Fortuna, 3Rd Floor A-10 & A-11 234/3A A J C Bose Road, Kolkata, Kolkata, Howrah, West Bengal	India
S1-813840518	Sun Exports Private Limited	30 Civil Line, Dewas, Madhya Pradesh	India
S1-165876532	Smart Finance Private Limited	House No. 33, Sector-2, Rohtak, Haryana	India
S1-578010567	Nananne Baker Horizon Greenfire LLC	Gurnee, 3915 Kenwood Avenue, IL	US
S1-144193870	Bandra(E) Solutions Limited	42/2107, Anand Co-Op Hsg Sty Gandhi Nagar, Bandra(E), Mumbai, Maharashtra	India
S1-426177696	Compass	3280 Broomes Island Road, Port Republic, MD	US
S1-336853624	Hayes, Burgos & Barnes Inc	4708 New Town Boulevard, Owings Mills, MD	US
S1-922967076	Community Midwest Chiropractic Partners	405 Valley Drive, South Boston Town, VA	US
S1-973713049	New Sangh Company	Plot No-115 Bapuji Nagar, Ashok Nagar, Bhubaneswar, Khordha, Orissa	India
S1-363972698	Faye Talley, M.D. of Hurricane	160 Harbour Lane, Hurricane, WV	US
S1-56175584	City Infotech Private Limited	No.60, 2Nd Floor, Outer, Ring Road, Kadubisanahall, Bangalore South, Bangalore, Karnataka	India
S1-96523681	Ss Technologies Private Limited	D No 86-470 F C I Colony Phase-Ii, Kallur (Mandal), Kurnool, Andhra Pradesh	India
S1-174486134	Gujarat Trading Limited	8-6-906/E/68, Road No 4, Hasthinapuram East, Hayathnagar, Hyderabad, Telangana	India
S1-410766430	Star & Sons Private Limited	16, Nyay Marg, Opposite Session Court, Udaipur, Rajasthan	India
S1-185895936	First Marketing LLP	Plot No 1 Rs No 302P25 And 302P64 Vachhakpar Bedi Road, Village Bedi, Sub District Rajkot, District Rajkot, Rajkot, Gujarat	India
S1-142784704	Apex Properties Private Limited	S No. 1098/11B, Nr. Model Col Y, Shivaji Nagar, Office No. 1, Pune, Maharashtra	India
S1-906854990	Urban Deli LLC	705 Centennial Parkway, Unit 120, Raleigh, NC	US
S1-486229288	Womens Health Ridge Specialists Clinic	3913 Kenmore Avenue, Parma, OH	US
S1-941137891	QTP Technologies Private Limited	N 6/7 Gulmohar Enclave 2, Telav-Kolat Road, Kolat, Sanand, Ahmedabad, Gujarat	India
S1-65225038	Community Ministries Inc	Boston, Unit 1, MA, 259 Beech Street	US
S1-284737557	Rajratan Hotels Private Limited	C/O. Gunchi Lal Jha Rampura, Chirgaon, Jhansi, Uttar Pradesh	India
S1-2396357	Akshat Traders Pvt Ltd	1-1407A, Koneru Street, Mangalagiri, Guntur, Andhra Pradesh	India
S1-794641315	Surya Investment Private Limited	Ramashekhar Apartment Jamal Road, Patna, Bihar	India
S1-752292608	XKY Convertible	1222 Hillcrest Road, Unit C, Mobile, AL	US
S1-584561120	Newton Consultants Pvt. Ltd.	Unit No.111, Sanjay Mittal Estate, Marol Naka, Andheri East, Mumbai, Mumbai City, Maharashtra	India
S1-249952707	Amber	2826 Coronette Avenue, Dayton, OH	US
S1-270928365	Asher & Rojas Fortune LLC	2111 Wallace Avenue, North Chicago, IL	US
S1-716011483	Transcontinental Supply Concepts Mount Airy Inc	2020 Long Corner Road, Mount Airy, MD	US
S1-697427833	Taylor Pono Inc	3506 Morgan Drive, Southeast, NY	US
S1-589304475	Lakshay Charitable Trust	A2 303, Pune, Satara, Kumar Palmgrove, Near Sai Service Station, Maharashtra	India
S1-797544474	Golden Cafe!	3042 La Salle Avenue, Bronx, NY	US
S1-656822300	Darcie Robinson Peak Shreya, Inc	3 Burch Street, Petersburg City, VA	US
S1-437536082	Noel, Fiorella and Orlandi Tech	Saint James, 4158 Sheffield Place, NC	US
S1-785384602	Simms & Spence	3324 Fulton Avenue, Sacramento, CA	US
S1-12718740	Spectrum & Sons Corporation	A-1/903, Tower 2 Purvanchal Royal Park Noida Sector 137, Noida, Gautam Buddha Nagar, Uttar Pradesh	India
S1-310543438	Zitecis LLC	20235 106th Avenue, Peoria, AZ	US
S1-336600526	Zenaex Ventures Inc	1912 Carlisle Road, Gilbertown, AL	US
S1-997178900	Deus Connect Pvt. Ltd.	Fl No F/901 Rohan Garima, S No. 103A/1011 Bhamburda Shivaji Nagar, Pune, Maharashtra	India
S1-296465753	Reyes Silverbox LLC	2 Windmill Court, Village Of The Branch, NY	US
S1-577678215	Vision Cascade Medicine Inc	2013 Patterson Street, Houston, TX	US
S1-887835376	Ridgeline Dragon Inc	117 Crowfoot Lane, Whitney, TX	US
S1-27635595	Gordon, Kovaleski and Andrade	17047 Aetna Road, Tell City, IN	US
S1-342010353	Upper Permian LLC	135 Barron Drive, Unit E, Oak Harbor, WA	US
S1-820338842	Oconnell's Family Practice Inc.	213 Morningside Drive, Waverly, OH	US
S1-173179558	Tech Shivam Consultants Pvt Ltd	H. No.- 266, Paschim Puri, Sikandra, Agra, Uttar Pradesh	India
S1-937235391	Delinda Montez Homecare	117 Abbigael Drive, Portland, TN	US
S1-761138074	Vishnu Brothers Private Limited	C/O Dwipendranath Barman, Mekliganj, West Bengal, Cooch Behar, Changerkhata Khagribari	India
S1-577727874	Southern Precision Construction	1936 Avenue T, KS, Geneseo	US
S1-365008776	Reliable Financial Consultants Inc	50 Hedgewood Terrace, Lafayette, IN	US
S1-993971729	Hunt Currencyshares	1314 Sturbridge Drive, Bldg 1216, Louisville, OH	US
S1-514598607	Oncology Federal Group PC	225 Eaton Street, Baltimore, MD	US
S1-548201386	Saint Ministries	10250 Strome Avenue, Unit 304, Raleigh, NC	US
S1-775648479	Zimmerman Prime Pono LLC	Salem, 640 Hawthorne Avenue, OR, Unit 306	US
S1-886445496	Star Consultancy Limited	House No.366 Hujjaji 2, Barabanki, Uttar Pradesh	India
S1-263192813	Leoine's Superior Auto Repair LLC	1618 Pine Street, Grand Prairie, TX	US
S1-156893280	Advanced Freight Consultants P.C.	5925 Hosmer Court, Tucson, AZ	US
S1-857915607	Orthopedic Innovative Medicine LLC	2 Felber Lane, Cheektowaga, NY	US
S1-143825151	Pioneer Freight Worldwide	10717 40th Avenue, Milwaukie, OR	US
S1-630121666	Safe Amc PLLC	808 Mary Evelyn Way, Gatlinburg, TN	US
S1-71356888	Shakti Food Private Limited	40/2, Kannan Street, Srinivasan Nagar New Perungalathur, Chennai, Tamil Nadu	India
S1-827441376	Foundation Shivansh Minerals Corporation	A-18, Gokul Vatika Jawahar Circle, Jaipur, Rajasthan	India
S1-653623235	Lew, King & Hunt, LLC	NC, Winston-salem, 502 Fifteenth Street	US
S1-963893533	Pioneer Builders Private Limited	35/2/1, Angol, Belgaum., Belgaum, Karnataka	India
S1-461489484	Total Columbia LLC	26 Winterfern Cove, Little Rock, AR	US
S1-733260119	Delta Foundation	102 Stamford Heights, Ferguson Twp, PA	US
S1-377145047	Anubhuti System	569Ka/1, Sneh Nagar Basan, Defence Dreamers Academy, Lucknow, Uttar Pradesh	India
S1-176491429	Sanya Trading Private Limited	S-10, Janta Store, Bapu Nagar, Jaipur, Rajasthan	India
S1-504942798	Surat Enterprise	Ground Floor, Shop - 1, 2, 3, 4, Building No. 3, Diwaliba Chambers, B/S Saifee Society, Var, Achha Road, Surat, Gujarat	India
S1-87452393	Heritage Cargo Concepts Inc	142 Three Mile Harbor Road, East Hampton, NY	US
S1-290837727	Mcguire, Alfi N., O.D.	NC, Raleigh, 1325 Keenwood Court	US
S1-780580864	Cooperative Diagnostic Products	400 Denise Ellen Drive, Buda, TX	US
S1-21614809	Physical Therapy Blue Center L.L.C.	26264 Mcswain Road, Albemarle, NC	US
S1-283072454	Mumbai Technologies Private Limited	Mumbai, Floor-6, Esha Ekta B G Kher Marg, Worli Naka. Worli, 602, Maharashtra, Mumbai	India
S1-347478425	Franni's Chemical PC	7312 Gillis Johnson Street, Fort Worth, TX	US
S1-983768168	Maity Exim Limited	Flooor-Mez, Plot-290, Pratik Arcade, Tata Road No 2, Roxy Cinema, Opera House, Girgaon, Mumbai, Maharashtra, Mumbai City, 43	India
S1-348524464	Mountain Capital, LLC	618 Underwood Street, Montgomery, AL	US
S1-621435661	Guest Lease of Ithaca Inc	404 Salem Drive, Ithaca, NY	US
S1-948922976	Champaran Leasing (India) Private Limited	H. No.21, Gurgaon, Ghata, Sector-55, Haryana	India
S1-880712456	Pune City Investment Private Limited	Sno 34 Shivshambho Constru, Mohan Ngr Dhankawadi Pune, Pune City, Pune, Maharashtra	India
S1-951815257	Coneon Associates	8 Bayberry Cir, Council Bluffs, IA	US
S1-420618555	Mantis Foundation	26, 32Nd Cross, 7Th Block, Jayanagar, Bangalore, Karnataka	India
S1-467356931	Toliver, Powell and Hendry LLC	3485 Anderson Road, Town Of Lakeside, WI	US
S1-392941794	Signature Equity Systems, LLC	4543 Hunting Valley Lane, Brecksville, OH	US
S1-400772637	Satpuda Welfare Society	Shop No-2, First Floor, Sanjay Place Agra, Uttar Pradesh, Agra, Block-19 Shoe Market	India
S1-226430508	Em Crocker Fortune LLC	29 Wellington Street, Athol, MA	US
S1-343910171	ZAD Insight	E-1302, Kanakia Sevens, Sagbaug, Andheri East, Mumbai, Maharashtra	India
S1-512294040	Strategic Marine Studios	60 Dunham Place, Southington, CT	US
S1-204423089	Coates & Dye Painting LLC	603 Brookview Way, Costa Mesa, CA	US
S1-212117622	Adhira Traders Private Limited	W/O Jagdish Rai Maloo, Rajasthan, Bikaner, Main Bazar, Adsar Bass	India
S1-826962210	Delhi Solutions Private Limited	Delhi, North West Delhi, 1St Flr Gopalngr Azadpur, Hno 192/5 Plotno69 Kh39	India
S1-191757343	NS Interstate Investments	560 Broadway Street, Winchester, KY	US
S1-743210966	Perfect Food Private Limited	37A Anandvan Colony Nawada, Mathura, Uttar Pradesh	India
S1-281111827	Summit Cardiology Inc	14 Drivers Road, Calvert City, KY	US
S1-775639562	Cinema Brothers Pvt. Ltd.	Erode, 035/1, Tamil Nadu, Erode, Akilmedu Street-6	India
S1-411154780	Minnnie Williams, M.D.	126 Cornerstone Place, Jacksonville, NC	US
S1-9710790	Cordelia Kerrigan Legacy Neurosciences LLC	1024 Barlen Drive, Richmond City, VA	US
S1-429451159	Dermatology Center Inc	City Of Adams, 135 Elm Street, WI	US
S1-115717788	Cahra G. Ostrom, L.C.S.W., M.D., P.C.	289 23rd Street, OR, Salem	US
S1-429325685	Delta Ventures LLC	3670 Kinghill Drive, Winston-salem, NC	US
S1-538921630	Michell Jackson Onfolio, LLC	5403 Gladehill Drive, Kingwood, TX	US
S1-977847292	Cannady Cascade Technical	2222 Windjammer Way, Rowlett, TX	US
