rid	n2	a2	c2
S2-15883880	Dynamic Asset Studios Eastgate, LLC	3034 4TH AVENUE, TOWN OF SWISS, WI	US
S3-797144284	Romero Blue Poonmes Poonmes Ltd	#250 Country Club Park, Mountain Brook, Alabama	US
S2-329406255	Morris Rocky Capstone Holdings	2007 112, PMB 4198, BROOKHAVEN, NY	US
S2-411886438	Lex LLC	100 REDMAN LANE, WAXAHACHIE, TX	US
S3-860031099	Ethelyn's Landscaping Holdings Center	Unit G, Coolumbia CITY, Missouri, 0048 Broadway Village Dr	US
S3-420395404	IY Sssyes Private Limited	No 87 & 91, 8-3-168/R/90-91/G-2 Rajeev Nagar, Sai Surya Apts, Road No 3, Hyderabad, తెలంగాణ	India
S2-714711151	House Holding Limited	HN 857 C-513 SECTOR-23, NOIDA, Uttar Pradesh	India
S2-800912821	TEW Solutions Private Limited	महाराष्ट्र, MHADA 214, LIG T NO. 182, HETI DEOLAMETTI WA, NAGPUR	India
S3-646085132	Lotus Hitech énergy LLP	B-808 Mulund Mangaldeep, Chs Ltd Opp Kelkar Clg, Bombay, Mumbai, MH	India
S3-545416011	Industrial Health Works Corp	195 Dock St, Tacoma, Washington	US
S3-580441009	Varzhaya Coworking Private	Ft No 14, B Wingplot No-, 170 Sector02, Tulsi Gaurav, Panvel, Raigarh(mh), MH	India
S3-605944248	Drusie's Capital Greater PLLC Partners	736 Twin Ridge Drive, Gardendale, Alabama	US
S3-392392384	Excel Technologies (India) Pvt Ltd.	A 1314, Takshshila Air, Behind Townhall Ellisbridge., Ahmadabad City, Ahmedabad, ગુજરાત	India
S2-984717251	Winterstein United Data North Llc	SPRINGFIELD, 691 WILEY WAY, MO	US
S3-626489838	The Pediatric Dental  Heritage Associates	210 Longdraw Cove, KTAY CITY, Texas	US
S3-212668337	Galaxy [Construction]	Sn-11-9-15 Kondhawa Kh Bh-trish Minar Building, Pune Region, Pune, MH	India
S3-902467380	International Power Public Limited	Door No 1504 Nai Sarak, Delhi, Central Delhi, DL	India
S3-133250302	Global Electronic Ltd	1850 1/2 Marion County 6001, Yellville, Arkansas	US
S2-912685063	Johnstone Supreme Devices (Group)	##6 HANCOCK STREET, MALDEN CDP, MA	US
S3-443047365	बेस्ट कंसल्टेंसी लिमिटेड	No D/71 Guroomala W/o Harishchndr, Gautam Buddha Nagar, Jewer, UP	India
S2-84563743	Certified  Energy Labs Holdings	2915 Maldonado Rd, PHOENIX, AZ	US
S2-675073305	Q+ Long Partners	2602 JOHN BROWN ROAD, PRINCETON, KS	US
S3-837558123	Tech Albatross Components Public Limited	Plot No: D/48, H.m.t Sathavahana Nagar Opp: Kphb Colony, Kukatpally, Hyderabad, Ranga Reddy, Andhra Pradesh	India
S2-658017115	ONCOLOGY ROCKY CENTER EASTGATE,	226 EASTERN AVE, MD, HYATTSVILLE	US
S2-929042383	Optsoft Short Green Riverside LLC	1740 GOOSE CREEK PVT RUN, SUNBRGHT TOWNSHIP, TN	US
S3-17199227	Nu (north) Public Limited	Block F-865 C - 17, New Delhi, North West, DL	India
S2-701612754	Gayleen's Legacy	14 LAWNDALE ROAD, MAYVILLE, NY	US
S3-435639573	Clear Labs Partners Center	151 Chester St, Buffalo, New York	US
S2-948018394	INTERNAL MEDICINE GROUP LTD	226 1ST STREET, BARDSTOWN, KY	US
S3-307105339	Katwa Innovations Limited	No 49 Hrc Ibbani, E-101, First Floor, E-block Arkavathy Layout, Jakkur, Bangalore, Bengalore, ಕರ್ನಾಟಕ	India
S2-639152528	एपेक्स श्री इंफ्रास्ट्रक्चर लिमिटेड	NO 15 SHRI CHAND, F.14 - NO. 4 SHOP NEAR ANKHIR PETROL PUMP, FARIDABAD, FARIDABAD NIT, Haryana	India
S3-775244564	Molaus Patriot Providence Eastgate LLC	Tennessee, Cleveland, 172 Shepard Saint	US
S2-79709303	SMART CHEMICAL  LABS, LTD	28557 JOHN WAYNE, MORRISON, OK	US
S3-900248633	Dr Indo Ventures Provision Pvt	Universalhouse71/3, Kunjsocietyalkapuri, Vadodara, ગુજરાત	India
S2-478329403	Medina Strategies Ltd	2210 CENTER WAY, BIRMINGHAM, AL	US
S2-694820462	Tl Japan Westgate Inc	1462 RIDGE RD, OREGON, IL	US
S2-191685890	Lynx-Inc	1807 OVERLAND DRIVE, SCOTTSBLUFF, NE	US
S3-765970789	Dental Group Partners	1738- Centra Villa Dr, Atlanta CITY, Georgia	US
S3-965195172	ब्लैक कंसल्टेंट्स सॉल्यूशंस प्राइवेट लिमिटेड	C-52, South Delhi, Malviya Nagar, दिल्ली	India
S3-990853637	Renner Creative (Kihg)	119 William Ave, Staten Island, New York	US
S3-859047675	न्यू हेल्थकेयर एलएलपी	DL, 66-C Arjun Nagar, South Delhi, New Delhi	India
S2-780891958	Perideusyn Cénter	3605-3607 1660, HUTTO, TX	US
S2-193274731	Mega Diagnostics LLP	305, MISTY HILLS, METRO ESTATES, BANER, PUNE, महाराष्ट्र	India
S2-609929960	श्याम नॉर्थ एंटरप्राइजेज प्राइवेट लिमिटेड	HN 355 C- 68/ 5, SHOP NO. 12, FIRST FLOOR SECTOR 5, JAGRITI VIHAR, GARH ROAD, KAITHAL, Uttar Pradesh	India
S3-934598915	Thomas, Minter & Garcia LLC East Bancorporation	295 Tice Rd, Mcdonough, New York	US
S2-407468555	Catt Animal Hospital Greater	WHITESBORO, TX, 25167 377	US
S2-586725325	sohi producer holdings private limited	HN 95 A-103 GALI NO-7, S/F MADHU VIHAR, NEW DELHI, Delhi	India
S3-495843730	Alpha Sai Projects Public Limited	H.no 70 C/o P.p. Tiwari, Lucknow, UP	India
S3-757616541	oncology coastal partners partners	2117 Adams Ave, Everett, Washington	US
S3-533805207	Chennai Centre Ventures Limited Center	Thiruvallur, தமிழ்நாடு, Doro No 22St Floor, Chennai, No 122-124, Kannaiamman Nagar Annexe	India
S3-683941064	Pediatric Gróup Holdings	##N943 Pond Lane, Campbellsport Ccity, Wisconsin	US
S2-429266086	Route 50 Diner Corp	2526 ELM STREET, GOLDSBORO, NC	US
S2-898772896	Dr Br & Brothers L.L.P.	#244 SECTOR-8, FARIDABAD, Haryana	India
S3-590120475	Foot & Ankle Clinic Highland Llc	159 Eastern Avenue, Springfield, Massachusetts	US
S3-603488680	Integrated Advanced Living, Partners	7212 Hatteras Lane, PO Box 8701, Indianapolis, Indiana	US
S2-100942677	Raine Dowling Cdt South	144 Greene 701 Rd, PARAGOULD, AR	US
S3-760424970	Great-Hospitality Limited	Door No 524, City Regalia, Park Road, Gorakhpur, UP	India
S2-61856546	pediatric dentistry partners partners	0013687 85rd Ave, ORLAND PARK, IL	US
S3-866418754	Marketing Govardhan Mail Holdings (Limited)	Plot No-317, Jaipur, RJ	India
S2-663248762	Superior Trading Group Partners Corp	INDEPENDENCE, 1184 1/2 FIELDS CREEK RD, WV	US
S3-565800997	L.L.C. ORBIA LIGAND	1334 1/2 Saint James Place, Unit 202, Chesapeake, Virginia	US
S2-9660840	Developers-Alpha Solar Private Limited	2592, AJMAL KHAN ROAD, BEADON PURA KAROL BAGH, Delhi	India
S3-851795980	Womens Health Group Corp	950 Village Mill Road, Alabama, Birmingham	US
S2-935415680	Straight East Yoga Edge	2009 BENTON BLVD, KANSAS CITY, MO	US
S2-530866429	Bay Cardiology Center Ltd	1444 AMERICAN DREAM PL, TUCSON, AZ	US
S2-865476552	Indrikayn Beverages Pivrtoae Límited	H.NO 424 UNIT C-2, THE MILLENIA, TOWER C, NO. 1 & 2 MURPHY ROAD, ULSOOR, Karnataka	India
S3-794020118	M/s PEARSON CONCAST HOLDINGS PRIVATE LIMITED	MH, Hn. 1-349, Sangli	India
S3-521281619	M/s Stalwart Enterprises Ventures	Flat No- 116, Ganjam, OD	India
S3-503137153	Tathastu Traders Enterprises Pvt. ((Ltd.))	H.no 85/C, <NULL>, Rangareddy, Hyderabad, Andhra Pradesh	India
S2-636316017	Silver Holdings Partners	2223 34TH STREET, NULL, TACOMA, WA	US
S3-210502563	Mcmahan  Spade, Co	198 Middle Neck Road, Gerat Neck, New York	US
S2-592295991	Silver Pbatioot Daedalus (Corp)	95 BUTTERUP LN, GRAFTON, MA	US
S2-72841364	Z S Bancorp Group  Center	350 HADLEY DR, VENNTURA, CA	US
S2-195667087	Chiropractic Prairie Medicine Group	7870 10TH ST, OK, MIDWEST CITY	US
S3-991681690	Private Tripti Pri Holdings [Limited]	Plot No 9 Scheme Salasar 30Th Akeda Doongar, New Delhi Bypass, Jaipur, राजस्थान	India
S3-782285929	Gonzalez, Rosenberg & Simon Premier, Co	003289 Seneca Street, West Seneca, New York	US
S3-534692655	ਏਸ ਬਿਜ਼ਨਸ ਐਲਐਲਪੀ	Plot No. 169, S.a.s.nagar (Mohali), S.a.s. Nagar, PB	India
S3-364406057	Jain Cnsuntnas Steel	902 Sunset Heighs, Hatiskar Marg Prabhadevi, Mumbai, Mumbai City, MH	India
S2-34810625	சன் இம்பெக்ஸ் மோட்டார்ஸ் பிரைவேட் லிமிடெட்	G-54/4-3, TIRUCHIRAPPALLI, TRICHY, Tamil Nadu	India
S2-738555076	Heritage Marine Inc.	1056 HATHAWAY DR, CIMARRON HILLS, CO	US
S2-721299824	United Academy Group	OH, 20 ARDMORE ROAD, SPRINGFIELD	US
S3-811857288	Nagosh  Services	Door No. 015/631 C1 Poovathumoottil Buildign Keshavanpady, Thripunithura Municipality, Ernakulam, KL	India
S2-316761378	Shri Smart (india) Exports Limited	NO 8 C/O RAJESH ZHOLE, SUBRAI, TOLA, PO-LOHARA TAL-DEORI, AMGAON, Maharashtra	India
S2-598187864	Mps Singh Center	#9/164 , SECTOR 3, RAJENDRA NAGAR, SAHIBABAD GHAZIABAD, GHAZIABAD, Uttar Pradesh	India
S3-456811242	A Best Chesapeake Westgate LLC	441 Augusta Street, Oak Park, Illinois	US
S2-59753066	डायनामिक मैनेजमेंट प्राइवेट लिमिटेड	E-76, Delhi, GREATER KAILASH ENCLAVE-I, NEW DELHI	India
S3-36235219	Quintana Cherdez Montreal Corp	711 1/2 Paddington Pl, Oxnard, California	US
S3-584047338	Eye Specialists LLC	40 Congress St, Ptitsfield, Massachusetts	US
S2-433323389	Bay League Ltd	7315  140th Avenue, DOUGLAS COUNTY, NE	US
S2-247596894	Greenfire LP Clean Holdings	1260 HARRODSBURG ROAD, SPRINGVILLE, IN	US
S2-113081571	Julina Jeffers Ltd Center	93 MOCCASIN CREEK ROAD, MURPHY, NC	US
S2-656729316	South Infra Agencies Priorae-Limited	#37 INCHAKATTU, NEAR DIET, THODUPUZHA, Kerala	India
S2-378938732	M/s Noble Confectionery Priaavne Limited	<NULL>, 13TH-OC 24, PLOT NO. GH-01, GAUR CITY CENTRE, SECTOR 4, GAUTAM BUDDHA NAGAR, Uttar Pradesh	India
S2-704176510	Abid & Brothers Ventures Private	DOOR NO 87 , HET RAM PARK COLONY CAMP CHOWK, MALL ROAD, HISAR, हरियाणा	India
S3-167150630	Sherie Smith Federal Ngl Southside	Floor 0, 1317 Damascus Street, Maryland, Odenton	US
S2-366665932	ADAMS METLIFE SERVICES	IN, MERRILLVILLE, 274 68TH PLACE	US
S2-623805660	Nm Group	CINCINNATI, 3765 MAC NICHOLAS AVE, OH	US
S3-369240624	Eye Corp Center	6004 Wooded Creek Dr, # 102, Louisville, Kentucky	US
S2-488897292	Greenwood Líberty Publishing Clinic	245 GREAT CIRCLE RD, NASHVILLE, TN	US
S3-926129645	The Primary Care Partners Associates Holdings	118. Clearfield Cir, Colonial Heights City, Virginia	US
S3-300476342	Foster, Christine Quality Auto Repair	004603 Mallard Ct, Sauk Rapids, Minnesota	US
S3-950820518	Pediatric Dental-Specialists	Ramsey, 7090 139st Pl, Minnesota	US
S3-666871531	Dr Rkr &-Partners [Group]	59-A, Vadodara, Kailash Nagar, RJ, Jaipur	India
S2-868326949	Producer Bsi Infrastrucnutre Limited	""	India
S2-977577154	गैलेक्सी इंफ्रा फूड्स प्राइवेट लिमिटेड	338/5, NEW CHOUKSEY, NAGAR, JNCT COLLEGE, BHOPAL, Madhya Pradesh	India
S3-443684399	Super Enterprises Industries Ltd	No.23/a, 3Rd Main Road 1St Phase, Kiadb Industrial Area, Peenya, Bengaluru Hq Region, Bangalore, KA	India
S3-902193248	Roselin Fuerte Allied Twelve Corp	6816 70, Old Fort Area, North Carolina	US
S3-563053954	Naomi Power Overseas Limited Center	#9-5-1341, Nanded, MH	India
S3-945890532	Grand Alussa East LLC	1942-1944 Scianna Road, Unit 1186, San Tan Valley, Arizona	US
S2-70260849	Gonzalez Medical Center Inc	19416 1/2 SAND RIDGE ROAD, CARLYLE, IL	US
S3-214943854	Fortuna Analytics (India) Ltd	40, Surat, GJ	India
S3-445552160	Balaji Isno Care Engineering Private  Limited	A-328, 3Rd Floor, Block-a3, Janapriya Arcadiya, Malkagiri Manda, Hyderabad, TG	India
S2-274290700	Northern Imperii LLC	CAVE JUNCTION, 9761- TAKILMA RD, OR, NULL	US
S3-884510261	Aditya Foods Medicals Prviae Limited	Dombivali, MH, Balaram Patil Chawl No 12, Thane	India
S2-268761913	রাম স্বস্তিক এন্টারপ্রাইজেস প্রাইভেট লিমিটেড	#400 13, NETAJI SUBHAS ROAD, 1ST FLOOR, KOLKATA, KOLKATA, West Bengal	India
S2-595552997	Kids Foundation Group	11 AMITESH NAGAR, SKIM NO 59, SECTOR A-2, INDORE, Madhya Pradesh	India
S2-559421389	All Talon  Inc	8 Heatherbrae Court, LITTLE ROCK, AR	US
S3-845056922	NI Inc (Partners)	470 Milroy Road, NULL, Ireland, West Virginia	US
S3-664172332	Gautam-Budh Nagar Asset Asset Private (Limited)	R-575, Gautam Budh Nagar, Gautam Buddha Nagar, उत्तर प्रदेश	India
S2-648181060	బాంబే ప్రైమ్ ప్రాపర్టీస్ లిమిటెడ్	1-90/7/B/58/P, PATRIKA NAGAR, MADHAPUR, HYDERABAD, Telangana	India
S3-391335541	Harris and Mccune Holdings Partners	46 Eucldi Ave, PO Box 5643, Cincinnati, Ohio	US
S3-552075417	Nicolle Poorman Delta  Starlink Holdings	1851 Harvard Ln, New Lenox, Illinois	US
S3-456974568	Smart Broadcast  Concepts	1105 Jocabima Dnive, Bullhead City, Arizona	US
S3-241410763	Karyn's Studios Service	77 Tappan Stret, PMB 5573, Baldwinsville, New York	US
S2-490167933	singh consultancy pvt ltd	""	India
S2-636890596	western smart dte south p.c.	00154 DELROSE ST, WEBER CITY, VA	US
S3-90091344	Ram Aditya Projects Garments Limited	Tiruttani, Tiruvallur, No.2-81/24d, TN	India
S3-771353462	Scranton Asset Building Program Lakeside	10 Main St, Scranton, Iowa	US
S3-509684998	Sas Industries Group-Industries Private Limited	Office No 612, Gautam Budh Nagar, Ladpura, UP	India
S3-91696694	Pioneer Management Company	No 28, Bangalore, ಕರ್ನಾಟಕ	India
S3-172215522	Regional Stmarrgy Partners	917 Main Street, # Apartment 12, Village Of Mukwonago, Wisconsin	US
S2-553856303	OXFORD, SÍMMS & GUZMAN ENTERPRISES INC	3910 TENTH STREET, LUBBOCK, TX	US
S3-851245662	Vass, Brewster Gant & Consulting  Co	33820 703 Drive, null, Wagoner, Oklahoma	US
S3-56150018	Tri-State Institute of-Technology Ltd	87 Warwick St, Lawrence, Massachusetts	US
S3-465241130	Llc Quality Chemical Systems	2142 Mountainview Avenue, College Twp, Pennsylvania	US
S2-932543032	Creative Spruce Partners	62 MAPLE AVENUE, ISLIP, NY	US
S2-541647178	ORTHOPEDIC CLINIC EAGLE MOUNTAIN HOLDINGS	2115 HICKOCK WAY, EAGLE MOUNTAIN, UT	US
S2-629269619	Mcinnis and Ryan Ass0ciates	1990. ADDISON RD, DISTRICTT HEIGHTS CDP, MD	US
S3-45897647	Behavioral Health Clinic Ltd	<NULL>, Mountain City, 1027 Berry Branch Rd, Tennessee	US
S2-486540280	Interfaith Femraaan V, Holdings	#81-26 77 AVENUE, RIDGEWOOD, NY	US
S3-947469653	NRG Managers Partners Corp Center	64 Church Ln, Tappahannock, Virginia	US
S2-559063734	Enify Coastal PC	NEW BERN, NC, 142 SOUTHERN HILLS DRIVE	US
S2-360081119	Surya Sun Marketing Public Limited	84A KHUDIRAM BOSE SARANI, KOLKATA, West Bengal	India
S2-537807332	Mr Odyssey Private Holdings Export Limited	43 C/O SIDDHARTH SHIVAJI WATHORE KISHOR NAGAR NEAR DR CHAFALE HOSPITAL, AMRAVATI, Maharashtra	India
S2-757822109	Limited Sunrise Builders	18, STATE BANK OFFICERS COLONY, III PHASE, SALEM, தமிழ்நாடு	India
S3-798603200	INC MAID PUB	265 Market Street, Frederica, Delaware	US
S2-137416033	Fayetteville Cannabis Co	1514 WOODBROOK DRIVE, FAYETTEVILLE, AR	US
S3-624404471	Dental Clinic Valley LLC	5342 21st St, Indianapolis, Indiana	US
S3-352864535	Pasonis Platinum  Blackstone LLC	2518 Sdenic Highway, Augusta County, Virginia	US
S3-669312439	Dermatology Superior  Medicine Co	8042 Sinclair Rd, N/A, Hanover County, Virginia	US
S2-573353929	CINDER  SOUTHSIDE	1982 CENTRAL AVENUE, ALBNY, NY	US
S3-77321033	Sepulveda Vision Center Corp	7445 Chestnut Commons Dr, Mentor, Ohio	US
S2-485581329	FAREASTEXCURSIONS.COM	Uttar Pradesh, H.NO 247 , ARTONI SIKANDRA, AGRA	India
S3-917515714	M/s Arihant Investments  Limited	No 23 C/o- Jitendra Kumar, Kuchaman City, Nagaur, राजस्थान	India
S2-123407799	COEX QUALITY LIGSHTWFAFE (DOWNTOWN)	HIGHLAND, 00335 KLEINMAN ROAD, IN	US
S3-787287612	Classic Power Summit	36 Newport Dr, Berlin, Maryland	US
S2-984817102	Tirupati Consultants Limited Services	10-50-90, OPP BIBLE HOUSE WALTAIR MAIN ROAD, VISAKHAPATNAM, ఆంధ్రప్రదేశ్	India
S2-692861094	Blazing Overseas (India) Corporation	PL 15 & 27, KAKA HALWAI SWEETS S NO 46/1/B INDUSTRIAL ESTATE, PARVATI, PUNE SATARA, ROAD, PUNE, Maharashtra	India
S2-444430884	Vindhya Udyog	DOOR NO 128 , SECTOR 7, PCNTDA BHOSARI, PUNE, Maharashtra	India
S3-266147683	Cherry Pharmaceuticals Private Limited	Bangalore, F9 Block Embassy Manyata, KA, Bangalore North	India
S2-27240836	Arka Services Private Limited	NO ##23 C/O SANJEET KUMAR, BLOOMINGDALE BUILDING, FLAT NO-303, HIRANANDANI ESTATE, GB ROAD, THANE, Maharashtra	India
S3-59891373	Nails Fresh Westgate	2531 Newburg St, Haleyville, Alabama	US
S2-992789109	FAEBYEN (HOLDINGS)	327-A COWAN SAINT, MARYVILLE, TN	US
S2-389060392	SOLSTICE EASTGATE CORP	2536D CORNING AVENUE, FT WASHINGTON, MD	US
S3-774263868	The New Life Zion Associates  Co	1606 Dupont Rd, Parkersburg, West Virginia	US
S2-768456215	Potter Lane Valley LLC	7135 MAXWOOD DRIVE, SPRING, TX	US
S3-924633951	Complete Jewelers Southside LLC	New York, Brooklyn, 1347-1349 49 Street	US
S2-791434473	Sri Hi Brothers Industries Private Limited	UNIT NO.30, MARATHON MAX, LINK ROAD, MULUND(WEST), MUMBAI, Maharashtra	India
S2-800267191	Sabi Infra Limited	Delhi, DOOR NO 782 170, KAMLA NAGAR, N/A	India
S3-375260685	Bajaj Investments Public Limited	A-95, Omicron - Ii Greater Noida, Gautam Budh Nagar, Greater Noida, UP	India
S2-363996357	Metro Clear Tankers Inc	TX, 523 YALE STREET, NULL, STAMFORD	US
S2-472668215	(india) Ans Índia Exports Pvt Ltd	HD-53., WEWORK EMBASSY, TECH VILLAGE, BLOCK L, DEVARABISANAHALLI, OUTER RING ROAD, BELL, ANDUR, BENGALURU, Karnataka	India
S2-247478296	Siliguri Lifestyle Limited Private	NO #92 PURBA SARADAPALLY, SHIVMANDIR PO KADAMTALA, SILIGURI, West Bengal	India
S2-649487253	Meus Frontier Pembina Lakeside	517 DONNA DR, MERCED, CA	US
S3-920484947	St. Chpael Group	4554 Wheeler Rd, Unit 709, Oxon Hill, Maryland	US
S2-748968276	Ethelyn-Swinehart Anchor Staked Partners	CO, 260-264 DEER TRAIL AVENUE, EL JEBEL	US
S3-505846597	Mann American Mitsui Coastal LLC	5523 Generals Place, North Highlands, California	US
S3-800640731	Kennedy Usa Partners	0115 Hoyt Avenue, Monterey, Tennessee	US
S2-987103297	Brown Investments Central Group	2507 YEOMAN LN, WEST LAFAYETTE, IN	US
S2-401678480	न्यू सिस्टम्स प्राइवेट लिमिटेड	1-60 POCKET C-8, SECTOR-17, DWARKA OPPOSITE BANK OF BARODA, NEW DELHI, DELHI, दिल्ली	India
S3-35391308	Gibbs Highland United,	1374 Copper Rd, Cleveland, Virginia	US
S3-386082329	Obrien, Wanda N., O.D. Partners	0329 Highway 286, Conway, Arkansas	US
S3-301705988	Ltd. Finance Raj Textiles	C-32 Abhimanshree Society, MH, Pune, Pune City	India
S3-623753073	Latrina Williams Estate Northside Inc	Texas, Amarillo, 9404 Hillside Rd	US
S2-190541770	THE ARLEN SANDERS DIAMOND ASSOCIATES LLC	143RD AVENUE, GOODYEAR TOWNSHIP, AZ	US
S3-520425795	Irving  Security Holdings	Texas, Southlake, 914 Bristol Court	US
S2-631232285	Redwine Optimal Wintergreen West Corp	45 EDGEWOOD PARK DRIVE, CAIRO, IL	US
S3-665396920	Sakura Finlease Holdings Limited Center	TG, Shaikpet, Hyderabad, Plot. No. 1-18	India
S2-813667647	PEDIATRIC DENTISTRY HEARTLAND CENTER LAKESIDE L.L.C.	2338 675, SYRACSUE, UT	US
S2-901709025	RMAMEY, LANEY CORNERSTONE NOBLE CORP	8650 MAIDEN LANE, PMB 3649, KANSAS CITY CITY, MO	US
S2-312404475	Slf Seva Samiti Enterprises Co	#88 ELLIOT ROAD, 3 RD FLOOR, KOLKATA, পশ্চিমবঙ্গ	India
S3-822589208	Lewis Painting Inc	5661b Copper Street, Tucson, Arizona	US
S2-920200206	Star Foundation ಎಲ್ಎಲ್‌ಪಿ	APARTMENT NO.115, NO.1, OLD NO.9, BRUNTON CROSS ROAD, SHIVANANJAPPA LAYOUT, BANGALORE, Karnataka	India
S2-643103689	Optimal Fashion Westgate LLC	TX, ROSHARON, 10 ROSE DESERT COURT	US
S2-838714059	Patriot Hunsicker Cleaning Service	MA, HOPKINTON, 84 MAIN STREET	US
S3-198966515	UCF Allied Era Group	1206 84th Street, Cleveland CITY, Ohio	US
S3-954490769	Assam Solutions Public Limited	3/30A, New Delhi, DL	India
S3-301849792	Piedmont Chicago Group	324 Tradition Drive, Mount Gilead, North Carolina	US
S2-906398409	Atkinson & Wilt Viking Clinic Group	002625 49RD STREET, LINCOLN, NE	US
S2-740760409	Tmn [LLC]	#118 Radisson Ln, MADISON, AL	US
S2-341411356	NV Builders	NO. 878 UNIT NO.345, 3RD FLOOR, LODHA SUPREMUS II ROAD N0.22, WAGALE ESTATE, THANE, Maharashtra	India
S2-491701271	Piedmont Coalition Group	1214 VIRGINIA AVE, NORTON CITY, VA	US
S2-417222250	Prima  Microfinance Pvt	92, JAIL ROAD, BANDUKWALA BUILDING, Maharashtra	India
S2-935237125	Laina Lewis Liberty Express Partners	8531 BALLARD HILLS COURT, NC, CHARLOTTE	US
S2-780040622	Shri GREAT PROJECTS MEDICALS PVT [LTD]	69, 3RD FLOOR, PODDAR CHAMBERS, S. A. BRELVI ROAD, FORT, MUMBAI, Maharashtra	India
S2-252139592	Gibson Saul LLC	MURFREESBORO, 7120 EASTMAN DRIVE, TN	US
S2-43340686	Iveneon Bioprhanma (L.L.C.)	17032. CARLTON WAY RD, CORNELIUS, NC	US
S2-895843001	Willette Quartzsea LLC	138 MADISON 7837, HINDSVILLE, AR	US
S2-286211378	LUMANA LLC SERVICE	1450 275, GREENCASTLE, IN	US
S3-290181944	एपेक्स सॉल्यूशंस प्राइवेट लिमिटेड	No 25 Nahar Singh Industrial Building, 1St Floor, Ram Mandir Road, Goregaon West, Mumbai, MH	India
S3-686427278	Allied Ensdocrinoloay Holdings	309. Old Point Lane, # 2B, Newport News City, Virginia	US
S2-102332803	Nirman Gk Private Limited	H.N.-C-104, PALLAVI NAGAR BAWADIYA KALAN, BHOPAL, मध्य प्रदेश	India
S2-941090302	Inc Benoit Mission Highland	526 HIGHLAND BLVD, PADUCAH, KY	US
S3-14469633	A Silver  Medicines of Stoneham Inc	309 Mountain View Dr, PMB 1989, Stoneham, Massachusetts	US
S3-572687172	Midwest Inc Taxable	14 Center Drive, Elkhart, Indiana	US
S2-509021976	clean research advisors holdings	169 BAY ROAD, SUTH HAMILTON, MA	US
S2-969917444	Gilberta's-Federal LLC Cream Ice	3521 CRANSTON AVE, WILMINGTON, DE	US
S3-504590390	Corner Cleaning Service East, Llc	526 36rd St, null, Chicago, Illinois	US
S2-650194714	Toy Solutions (India) Enterprises Private	NO 73 KAREETHALA LANEKARSHAKA ROAD, ERNAKULAM, കേരളം	India
S3-969643737	Tenorio Anchor Willow	238 North Lane, Tacoma, Washington	US
S3-247694634	Kaplan, Griffith & Garcia Partners	446 Putnam Hill Road, Sutton, Massachusetts	US
S3-373941566	Bhartiya & Co Pvt Ltd	Chikmagalur, Chickmagalur, 431, KA	India
S2-390228278	Benedikta Mahl Elite Interprivate Corp	4207 COAL ST, SAN TAN VALLEY, AZ	US
S2-749048299	एपेक्स मीडिया लिमिटेड	C-8, NULL, PANIPAT, Haryana	India
S2-514260905	Downtown Brabreshdp Group	53 MURIEL AVENUE, LAWRENCE, NY	US
S3-104507965	Adharshila  (India) Finance LLP	80 2Nd Fl 106 1St Cross, Bhuvaneshwari Ngr 2Nd Stg, Bangalore South, Bangalore, KA	India
S2-512108946	Frontier Purpose Holdings	80 DOUGLAS ROAD, MASSENA, NY	US
S3-167700816	BUU Inc Ampercap	3561 Mooney Avenue, Cincinnati, Ohio	US
S2-702462837	HISTORICAL INITIATIVE [GROUP]	27 1/2 EDGEWOOD DRIVE, BETHLEHEM, NY	US
S2-625939190	Deltavera Institute	1049 PINE ST, BURLINGTON, WI	US
S3-291765832	Creative-Infotech Traders Private Limited	No 74 C/o Amrefdra Rai, Hathua, Gopalganj, BR	India
S2-790606818	Llc Colonial First Sports South	229 SHELLY LN, MONTGOMERY CITY, AL	US
S2-813793551	Margit Axelson Realty	MEMPHIS, 6697. PONDVIEW COVE, TN	US
S2-398119791	Pollard, Raf Giant Ltd	453 PAGE ST, SPRINGFIELD CDP, MO	US
S3-189288102	Alfie  Rogers Inc. Center	4407-C Kerth Manor Drive, Fl 0, Saint Louis, Missouri	US
S2-60949472	Co. Mejia Corporate	044 ANACOSTIA ROAD, WASHINGTON, DC	US
S2-905751793	Karur Trading Private	Tamil Nadu, NO 8/134, ANDAN KOIL ROAD AMARAVATHY NAGAR, KARUR	India
S2-754514156	aniltechyn dairy	SNO 326/1/1/2, PLOT NO 3/A RAJSHREE COMPLEX PATH, NASHIK, Maharashtra	India
S3-74918480	Jarlaya Consolidated LLC	952 Via Del Sur, Mesquite, Texas	US
S3-62301287	Alloway, Ranlond and Kendrick Holdings	04811 Mendocino Boulevard, Sacramnto, California	US
S2-79286627	ARMITAGE ROWELL CLEAN BRÍACELL	2314 79TH STREET, KANSAS CITY, MO	US
S3-942051538	Dr Krishna Care Pvt Ltd	B-10/7105, Vasant Kunj New Delhi, Delhi, New Delhi, DL	India
S2-753470262	Barrera and Bhr (Group)	207 SIR MONTE DRIVE, SAINT GEORGE, UT	US
S2-96693180	Jackson-Learning Center Ltd	4202 STONE LAKES DR, LOUISVILLE, KY	US
S3-224231095	Sks Brothers Industries Limited	Door No 64 Bandu Layout, Nagpur, MH	India
S3-880289293	Colonial  Society Holdings	1702 945, Cushing, Texas	US
S3-402222874	Mcleod Superior Banking East Llc	902 Arch Street, Saint Paul, Minnesota	US
S3-804448520	ಸ್ವಸ್ತಿಕ್ ವೆಂಚರ್ಸ್ ಪ್ರೈವೇಟ್ ಲಿಮಿಟೆಡ್	No 4190, Chikmagalur, Chikamaglur, KA	India
S2-952647789	Co Urgent Care Capital Medicine Metro	241 SUGAR CREEK LN, FORT WORTH, TX	US
S3-578173249	Delhi India	G-76, Delhi, New Delhi, DL	India
S2-232129262	Lucky Bakery! Ltd	0592 BERKSHIRE DRIVE, MEDINA CCDP, OH	US
S2-317449171	Schneider Bsp Scarborough	2569 DVISION STREET, GRESHAM, OR	US
S2-834107514	Holdings Board of Environmental Protection	HOUMA, 738  NATALIE DRIVE, LA	US
S3-781552008	Internal Medicine Health Inc	24839 Lazy Way, Tomball, Texas	US
S2-135466583	Chennai Catering Private Ltd	H.NO 146 , NEW NO.179, 1ST FLOOR, EVR LANE, P.H. ROAD, KILPAUK, CHENNAI, தமிழ்நாடு	India
S2-290773825	ब्लैक डेवलपर्स मेडिकल्स प्राइवेट लिमिटेड	SHOP NO 13., VASAI, THANE, महाराष्ट्र	India
S3-119746566	Boyer, Guenevere, Esq., P.C. Co	3927-3929 Indiana St, Bartlesvillle CITY, Oklahoma	US
S3-359921446	Perfect  Producer Restaurant Private	P 99/11, Aurangabad, MH	India
S3-604046847	NZLS Heritage Guggenheim Llc	169 Verde Valley School Rd, # Unit 33, Sedona, Arizona	US
S2-632717861	यूनिक लॉजिस्टिक्स स्टोर्स लिमिटेड	PLOT NO-40, NEW DELHI, SOUTH DELHI, Delhi	India
S3-867905582	Vezina Inc Northside Services	Massachusetts, 25 Rot Road, Middlefield	US
S3-551063013	Private Golden Eastern Infotech Steel Ltd	242, Dahlia, Himagiri Meadows Opp. Carmel Academy, Gottigere, Bangalore, ಕರ್ನಾಟಕ	India
S3-508894638	Hart Sciences	229 Gunther Avenue, Bronx, New York	US
S3-13461309	Ace Good Infotech LLP	TN, Plat No.3 Thirunagar Annex, Kaikhankuppam, Valasar, Awakkam, Madras, Chennai, 4/24	India
S2-946633226	Trimurti Tech  LLP	Haryana, H.NO 00534 DESK NO. 308(A), TWO HORIZON CENTRE, LEVEL 06, WING B, GOLF COURSE ROAD, SEC 43, GURGAON	India
S2-577871826	Parr Advisory LP	25639- WESTERN RESERVE LN, OLMSTED FALLS, OH	US
S2-936382489	Torres, Halie, MD Partners	442 GOLDEN GARDEN CIRCLE, CHESTER, VA	US
S2-327271437	Department of Housing Center Corp	149 FINLEE LN, RED OAK, TX	US
S3-908673195	Solutions Aviana Vincom Limited	PB, South Model Gram Near Sampuran Palace, 8-24-32, Ludhiana	India
S3-897540314	Vision Om Software LLP	No 565 Sco 558, First Floor, Sector- 70, Mohali, ਪੰਜਾਬ	India
S2-638186667	James Partners LP	104 FEATHERBED LN, BRONX, NY	US
S3-838546923	holdings summit advanced renewables	Ohio, 5142 Johnstown Rd, New Albany	US
S2-760834202	RISE SERVICES  COMPANY	601/16, SONAM PARADIES, GOLDEN NEST PHASE III. MIRABHAYANDER ROAD, THANE, महाराष्ट्र	India
S2-375744886	Prívate Urban Estate Emergency Prívate	SHOP NO. #29, KARNAL, Haryana	India
S3-534472127	Dental Group Corp	67 Woodbridge Avenue, East Hartford, Connecticut	US
S3-876098557	Co Patriot Charter School	Ohio, Cleveland Township, 1681 Holly Hill Drive	US
S3-201762047	Hansen  Pizza LLC	##3172 Chinook Drive, College, Alaska	US
S2-71203159	Huntersville Baptist Precision Association Partners	15936 HOLLINGBOURNE RD, HUNTERSVILLE, NC	US
S2-381189235	Pediatric Dental Vaelny Partners Co	EVANSVILLE, 00216 LORSHELNA DRIVE, IN	US
S3-53888133	Vakratund &  Co Exports Private	5-31, West Godavari, ఆంధ్రప్రదేశ్	India
S3-881992576	BACK ALLEY HYPNOSIS CORP	304 Poherene Rd, Mansfield, Ohio	US
S3-296289232	PINNACLE BANKSHARES CO	485 Nottingham Avenue, Euggene, Oregon	US
S3-45007884	Igm Group Holdings	168, Industry House, Church Gate, Mumbai, Mumbai City, MH	India
S2-652958872	XUP Húman Private Limited	HD 255, DUPEX VILLA, NR SHRI, RAM MILLENNIUM SCH, SEC-135, NOIDA, Uttar Pradesh	India
S2-402671738	Ventures Shan Recyclers Exports Ltd	H.NO A-137 KANCHAN KUNJ, MADAN PUR KHADAR EXTN-II, NEW DELHI, दिल्ली	India
S2-868865135	2766 Lake Court Company Coastal Co	25 BIRCH PLACE, DAY, NY	US
S3-20093293	Bacon Staffing	714 Ida St, Lansing, Kansas	US
S2-649911023	CREATIVE MEDIA PHARMACY PRIVATE	A-1/312, POCKET P4 BRO HOUSING SOCIETY, GREATER NOIDA, Uttar Pradesh	India
S2-559283709	U/A Blue [LLC]	420 CHAMPAIGN DR, DURHAM, NC	US
S2-728813280	Dmb Networks Exports	NO 10-4-771/8/1 AND 8/1/A, FLAT NO 204 RAMAKRISHNA ARCADE, SRI RAM NAGAR COLONY, MASAB TANK, HYDERABAD, Telangana	India
S3-741665804	>> Twisted  Cafe Holdings	28 Rowland St, # 106, Marblehead, Massachusetts	US
S3-619927955	Demarco Sanayi Northside	817 Metlin Avenue, Akron Township, Ohio	US
S3-457513205	Rosalie Moreland All Midtown LLC [Services]	1844 Timbercrest Drive, Athens, Tennessee	US
S3-133238040	Thomas Outdoor Corp	2503 Hurley Way, # APT 66, Sacramento CITY, California	US
S3-356592580	Public Faridabad India Limited	House No.555, Sector-17, Near Kant Darshan Darbar, Faridabad, Haryana, Faridabad, HR	India
S3-818646956	Lyrran Lyrran Bny	246 Main St, Jefferson, Oregon	US
S3-777722244	global modern disciplined south	0414 7th Street, Elgin, Texas	US
S3-653937040	Private Dynamic Business Textiles Limited	No. 84, Seshadripuram, Bangalore, ಕರ್ನಾಟಕ	India
S2-71244838	Dr Renaissance & Sons Group Private Limited	27C, A BLOCK GALI NO.3 BHAJANPURA, दिल्ली	India
S3-8510519	Colon Lng, Holdings	125-127 Ingram Drive, Troy, Alabama	US
