5979	2026-09-27 16:02	./AGENT_RUN_PROMPT.md
8303	2026-09-27 16:02	./AGENT_RUN_V5_PROMPT.md
4743	2026-09-27 16:02	./AGENT_RUN_V6_PROMPT.md
3195	2026-09-27 16:02	./AGENT_RUN_V7_PROMPT.md
3179	2026-09-27 16:02	./AGENT_RUN_V8_PROMPT.md
328956	2026-10-04 21:02	./A_ML_code_v8.zip
9695	2026-09-27 16:02	./code/audit/gap_audit.py
3258	2026-09-27 16:02	./code/audit/submission_diff.py
1424	2026-09-27 16:02	./code/audit/test_decisions.py
4261	2026-09-27 16:02	./code/baseline/exact_rules.py
3171	2026-09-27 16:02	./code/blocking/bench_spmm.py
5280	2026-09-27 16:02	./code/blocking/build_candidates.py
10244	2026-09-27 16:02	./code/blocking/sparse_tfidf.py
665	2026-09-27 16:02	./code/catboost/README.md
8052	2026-09-27 16:02	./code/common/decide.py
3769	2026-09-27 16:02	./code/common/decode.py
10087	2026-09-27 16:02	./code/common/features.py
1601	2026-09-27 16:02	./code/common/gpu.py
2755	2026-09-27 16:02	./code/common/io.py
1908	2026-09-27 16:02	./code/common/metrics.py
19465	2026-09-27 16:02	./code/common/normalize.py
5018	2026-09-27 16:02	./code/common/prep.py
7801	2026-10-05 20:59	./code/common/__pycache__/decide.cpython-310.pyc
3492	2026-10-05 21:21	./code/common/__pycache__/decode.cpython-310.pyc
9451	2026-10-05 20:32	./code/common/__pycache__/features.cpython-310.pyc
2070	2026-10-05 18:17	./code/common/__pycache__/gpu.cpython-310.pyc
2915	2026-10-05 18:17	./code/common/__pycache__/io.cpython-310.pyc
18863	2026-10-05 18:20	./code/common/__pycache__/normalize.cpython-310.pyc
746	2026-10-05 18:20	./code/common/__pycache__/split.cpython-310.pyc
3374	2026-10-05 21:13	./code/common/__pycache__/stage2_feats.cpython-310.pyc
2944	2026-10-05 18:20	./code/common/__pycache__/translit.cpython-310.pyc
3070	2026-10-05 20:59	./code/common/__pycache__/xgbdata.cpython-310.pyc
419	2026-09-27 16:02	./code/common/split.py
3765	2026-09-27 16:02	./code/common/stage2_feats.py
2433	2026-09-27 16:02	./code/common/translit.py
2549	2026-09-27 16:02	./code/common/xgbdata.py
1697	2026-09-27 16:02	./code/eda/addr_format.py
8859	2026-09-27 16:02	./code/eda/eda.py
1794	2026-09-27 16:02	./code/eda/norm_check.py
2368	2026-09-27 16:02	./code/eda/shift_check.py
2333	2026-09-27 16:02	./code/embeddings/miss_analysis.py
12287	2026-10-05 19:55	./code/embeddings/ngram_biencoder.py
10332	2026-09-27 16:02	./code/embeddings/oof_biencoder.py
11274	2026-10-05 19:55	./code/embeddings/__pycache__/ngram_biencoder.cpython-310.pyc
14938	2026-09-27 16:02	./code/final/chain_v4.py
4351	2026-09-27 16:02	./code/final/final_from_scores.py
3384	2026-09-27 16:02	./code/final/fuse.py
1634	2026-09-27 16:02	./code/final/make_package.sh
4521	2026-09-27 16:02	./code/final/predict_test.py
10271	2026-09-27 16:02	./code/final/predict_test_v2.py
4951	2026-09-27 16:02	./code/final/run_all_local.sh
3633	2026-09-27 16:02	./code/final/submit_chain.sh
237	2026-10-05 22:11	./code/final/validate.sh
13247	2026-09-27 16:02	./code/gnn/edge_gnn.py
2295	2026-09-27 16:02	./code/gnn/eval_scores.py
780	2026-09-27 16:02	./code/gnn/make_oof.py
641	2026-09-27 16:02	./code/lightgbm/README.md
6967	2026-09-27 16:02	./code/neural_reranker/cross_encoder.py
1128	2026-09-27 16:02	./code/neural_reranker/hf_check.py
15044	2026-09-27 16:02	./code/neural_reranker/ml_cross_encoder.py
2448	2026-09-27 16:02	./code/neural_reranker/prep_pairs.py
3031	2026-09-27 16:02	./code/neural_reranker/stack_eval.py
3844	2026-09-27 16:02	./code/neural_reranker/xenc_score_pairs.py
16347	2026-09-27 16:02	./code/phase2/ablation.py
14054	2026-09-27 16:02	./code/phase2/cos_variants.py
10743	2026-09-27 16:02	./code/phase2/diff_accepts.py
9013	2026-09-27 16:02	./code/phase2/gnn_lib.py
5373	2026-09-27 16:02	./code/phase2/gnn_run.py
19975	2026-09-27 16:02	./code/phase2/loco_eval.py
9464	2026-09-27 16:02	./code/phase2/p2lib.py
10989	2026-10-05 23:35	./code/phase2/__pycache__/p2lib.cpython-310.pyc
5238	2026-09-27 16:02	./code/phase2/select_v4.py
17509	2026-09-27 16:02	./code/phase2/tests/make_synth.py
4281	2026-09-27 16:02	./code/phase2/tests/smoke.sh
5816	2026-09-27 16:02	./code/phase2/v4.py
188	2026-09-27 16:02	./code/setup/debug_import.py
166	2026-09-27 16:02	./code/setup/envcheck.sh
3372	2026-09-27 16:02	./code/setup/env_setup.py
91	2026-09-27 16:02	./code/setup/install_one.sh
7966	2026-09-27 16:02	./code/tfidf_fuzzy/pair_features.py
1208	2026-09-27 16:02	./code/tfidf_fuzzy/smoke_features.py
5767	2026-09-27 16:02	./code/v5/choose_v5.py
10394	2026-09-27 16:02	./code/v5/extra_feats.py
4901	2026-09-27 16:02	./code/v5/final_v5.py
5143	2026-09-27 16:02	./code/v5/pl_lib.py
7215	2026-09-27 16:02	./code/v5/pseudo_label.py
7113	2026-09-27 16:02	./code/v5/recall_report.py
2350	2026-09-27 16:02	./code/v5/tests/smoke_v5.sh
9753	2026-09-27 16:02	./code/v6/choose_v6.py
7260	2026-09-27 16:02	./code/v6/collective.py
7458	2026-09-27 16:02	./code/v6/data_probe.py
3425	2026-09-27 16:02	./code/v6/decode_v6.py
5752	2026-09-27 16:02	./code/v6/final_v6.py
7465	2026-09-27 16:02	./code/v6/pl_v6.py
9003	2026-09-27 16:02	./code/v6/predict_v6.py
2324	2026-09-27 16:02	./code/v6/prior_em.py
10613	2026-10-05 23:49	./code/v6/__pycache__/choose_v6.cpython-310.pyc
6902	2026-10-05 23:13	./code/v6/__pycache__/collective.cpython-310.pyc
4128	2026-10-05 23:49	./code/v6/__pycache__/decode_v6.cpython-310.pyc
2668	2026-10-05 23:49	./code/v6/__pycache__/prior_em.cpython-310.pyc
8424	2026-10-05 18:17	./code/v6/__pycache__/simulate_universe.cpython-310.pyc
9797	2026-10-05 23:35	./code/v6/__pycache__/train_collective.cpython-310.pyc
9667	2026-09-27 16:02	./code/v6/score_chain.py
8347	2026-09-27 16:02	./code/v6/simulate_universe.py
2879	2026-09-27 16:02	./code/v6/submit_from_decisions.py
1443	2026-09-27 16:02	./code/v6/tests/mini_validate.py
950	2026-09-27 16:02	./code/v6/tests/mock_xenc.py
3772	2026-09-27 16:02	./code/v6/tests/smoke_v6.sh
9864	2026-09-27 16:02	./code/v6/train_collective.py
11533	2026-09-27 16:02	./code/v7/build_cands.py
4555	2026-09-27 16:02	./code/v7/cands_plan.py
5749	2026-09-27 16:02	./code/v7/choose_v7.py
9176	2026-09-27 16:02	./code/v7/error_dump.py
1532	2026-09-27 16:02	./code/v7/keys.py
13290	2026-09-27 16:02	./code/v7/miss_probe.py
1670	2026-10-05 18:17	./code/v7/__pycache__/keys.cpython-310.pyc
12880	2026-10-05 18:17	./code/v7/__pycache__/miss_probe.cpython-310.pyc
2542	2026-09-27 16:02	./code/v7/tests/smoke_v7.sh
6517	2026-09-27 16:02	./code/v8/choose_v8.py
17756	2026-09-27 16:02	./code/v8/prune.py
7226	2026-09-27 16:02	./code/v8/sib_probe.py
3083	2026-09-27 16:02	./code/v8/tests/smoke_v8.sh
2632	2026-09-27 16:02	./code/xgboost/agreement_check.py
1961	2026-09-27 16:02	./code/xgboost/blend_eval.py
1982	2026-09-27 16:02	./code/xgboost/blend_oof.py
3268	2026-09-27 16:02	./code/xgboost/decode_eval.py
4311	2026-09-27 16:02	./code/xgboost/error_analysis.py
1526	2026-09-27 16:02	./code/xgboost/headroom.py
3966	2026-09-27 16:02	./code/xgboost/mine_confusers.py
5227	2026-09-27 16:02	./code/xgboost/simulate_drop.py
7515	2026-09-27 16:02	./code/xgboost/stage2.py
5827	2026-09-27 16:02	./code/xgboost/train_xgb.py
797567248	2026-10-05 19:54	./data/cache/blocking/b1_test/rid_addr_idx.npy
398783688	2026-10-05 19:54	./data/cache/blocking/b1_test/rid_addr_sc.npy
398783688	2026-10-05 19:54	./data/cache/blocking/b1_test/rid_comb_cosaddr.npy
398783688	2026-10-05 19:54	./data/cache/blocking/b1_test/rid_comb_cosname.npy
797567248	2026-10-05 19:54	./data/cache/blocking/b1_test/rid_comb_idx.npy
398783688	2026-10-05 19:54	./data/cache/blocking/b1_test/rid_comb_sc.npy
56365672	2026-10-05 19:35	./data/cache/blocking/b1_test/rid_ids.parquet
797567248	2026-10-05 19:54	./data/cache/blocking/b1_test/rid_name_idx.npy
398783688	2026-10-05 19:54	./data/cache/blocking/b1_test/rid_name_sc.npy
9796878	2026-10-05 19:35	./data/cache/blocking/b1_test/s1_ids.parquet
609023049	2026-10-05 19:35	./data/cache/blocking/b1_test/tfidf_addr.npz
1882018329	2026-10-05 19:35	./data/cache/blocking/b1_test/tfidf_name.npz
825617648	2026-10-05 19:30	./data/cache/blocking/b1_train/rid_addr_idx.npy
412808888	2026-10-05 19:30	./data/cache/blocking/b1_train/rid_addr_sc.npy
412808888	2026-10-05 19:30	./data/cache/blocking/b1_train/rid_comb_cosaddr.npy
412808888	2026-10-05 19:30	./data/cache/blocking/b1_train/rid_comb_cosname.npy
825617648	2026-10-05 19:30	./data/cache/blocking/b1_train/rid_comb_idx.npy
412808888	2026-10-05 19:30	./data/cache/blocking/b1_train/rid_comb_sc.npy
58333611	2026-10-05 19:00	./data/cache/blocking/b1_train/rid_ids.parquet
825617648	2026-10-05 19:30	./data/cache/blocking/b1_train/rid_name_idx.npy
412808888	2026-10-05 19:30	./data/cache/blocking/b1_train/rid_name_sc.npy
12474099	2026-10-05 19:00	./data/cache/blocking/b1_train/s1_ids.parquet
615462477	2026-10-05 19:00	./data/cache/blocking/b1_train/tfidf_addr.npz
2029065813	2026-10-05 19:00	./data/cache/blocking/b1_train/tfidf_name.npz
129097145	2026-10-05 18:33	./data/cache/norm_v1_test_s1.parquet
367008016	2026-10-05 18:37	./data/cache/norm_v1_test_s2.parquet
374569267	2026-10-05 18:41	./data/cache/norm_v1_test_s3.parquet
162669211	2026-10-05 18:22	./data/cache/norm_v1_train_s1.parquet
369310354	2026-10-05 18:26	./data/cache/norm_v1_train_s2.parquet
383646271	2026-10-05 18:31	./data/cache/norm_v1_train_s3.parquet
66793278	2026-10-05 18:32	./data/cache/test_source1.parquet
202416225	2026-10-05 18:33	./data/cache/test_source2.parquet
204182982	2026-10-05 18:37	./data/cache/test_source3.parquet
62198408	2026-10-05 18:20	./data/cache/train_gt_pairs.parquet
60230394	2026-10-05 18:20	./data/cache/train_gt.parquet
82668382	2026-10-05 18:20	./data/cache/train_source1.parquet
201076657	2026-10-05 18:20	./data/cache/train_source2.parquet
207146201	2026-10-05 18:20	./data/cache/train_source3.parquet
46612	2026-10-05 18:32	./data/cache/translit_all.json
46614	2026-10-05 18:21	./data/cache/translit_folds.json
797567248	2026-10-05 19:06	./data/cache_v2/blocking/b1_test/rid_addr_idx.npy
398783688	2026-10-05 19:06	./data/cache_v2/blocking/b1_test/rid_addr_sc.npy
398783688	2026-10-05 19:06	./data/cache_v2/blocking/b1_test/rid_comb_cosaddr.npy
398783688	2026-10-05 19:06	./data/cache_v2/blocking/b1_test/rid_comb_cosname.npy
797567248	2026-10-05 19:06	./data/cache_v2/blocking/b1_test/rid_comb_idx.npy
398783688	2026-10-05 19:06	./data/cache_v2/blocking/b1_test/rid_comb_sc.npy
56365672	2026-10-05 19:06	./data/cache_v2/blocking/b1_test/rid_ids.parquet
797567248	2026-10-05 19:06	./data/cache_v2/blocking/b1_test/rid_name_idx.npy
398783688	2026-10-05 19:06	./data/cache_v2/blocking/b1_test/rid_name_sc.npy
9796878	2026-10-05 19:06	./data/cache_v2/blocking/b1_test/s1_ids.parquet
609023049	2026-10-05 19:06	./data/cache_v2/blocking/b1_test/tfidf_addr.npz
1882018329	2026-10-05 19:06	./data/cache_v2/blocking/b1_test/tfidf_name.npz
825617648	2026-10-05 18:52	./data/cache_v2/blocking/b1_train/rid_addr_idx.npy
412808888	2026-10-05 18:52	./data/cache_v2/blocking/b1_train/rid_addr_sc.npy
412808888	2026-10-05 18:52	./data/cache_v2/blocking/b1_train/rid_comb_cosaddr.npy
412808888	2026-10-05 18:52	./data/cache_v2/blocking/b1_train/rid_comb_cosname.npy
825617648	2026-10-05 18:52	./data/cache_v2/blocking/b1_train/rid_comb_idx.npy
412808888	2026-10-05 18:52	./data/cache_v2/blocking/b1_train/rid_comb_sc.npy
58333611	2026-10-05 18:52	./data/cache_v2/blocking/b1_train/rid_ids.parquet
825617648	2026-10-05 18:52	./data/cache_v2/blocking/b1_train/rid_name_idx.npy
412808888	2026-10-05 18:52	./data/cache_v2/blocking/b1_train/rid_name_sc.npy
12474099	2026-10-05 18:52	./data/cache_v2/blocking/b1_train/s1_ids.parquet
615462477	2026-10-05 18:52	./data/cache_v2/blocking/b1_train/tfidf_addr.npz
2029065813	2026-10-05 18:52	./data/cache_v2/blocking/b1_train/tfidf_name.npz
248327511	2026-10-05 20:29	./data/cache_v2/cands/c2_test.parquet
258460628	2026-10-05 20:29	./data/cache_v2/cands/c2_train.parquet
551074321	2026-10-05 22:19	./data/cache_v2/cands/c3wdms_train.parquet
931537885	2026-10-05 22:23	./data/cache_v2/cands/c3w_test.parquet
124127151	2026-10-05 22:38	./data/cache_v2/cands/c4dms_train.parquet
154139223	2026-10-05 22:50	./data/cache_v2/cands/c4_test.parquet
0	2026-10-05 21:13	./data/cache_v2/_done/blend
0	2026-10-05 20:29	./data/cache_v2/_done/cands_test
0	2026-10-05 20:29	./data/cache_v2/_done/cands_train
0	2026-10-05 21:28	./data/cache_v2/_done/dec_v2
0	2026-10-05 20:29	./data/cache_v2/_done/e2f_emb_test
0	2026-10-05 20:25	./data/cache_v2/_done/e2f_emb_train
0	2026-10-05 20:18	./data/cache_v2/_done/e2f_train
0	2026-10-05 20:15	./data/cache_v2/_done/e3_train
0	2026-10-05 20:58	./data/cache_v2/_done/feats_test
0	2026-10-05 20:45	./data/cache_v2/_done/feats_train
0	2026-10-05 21:54	./data/cache_v2/_done/final_v2
0	2026-10-05 20:32	./data/cache_v2/_done/paircos_test
0	2026-10-05 20:30	./data/cache_v2/_done/paircos_train
0	2026-10-05 18:42	./data/cache_v2/_done/prep_test
0	2026-10-05 18:42	./data/cache_v2/_done/prep_train
0	2026-10-05 20:59	./data/cache_v2/_done/sim19
0	2026-10-05 21:21	./data/cache_v2/_done/stage2
0	2026-10-05 23:13	./data/cache_v2/_done/v8_blend
0	2026-10-05 23:20	./data/cache_v2/_done/v8_c1
0	2026-10-05 23:25	./data/cache_v2/_done/v8_c1_dec
0	2026-10-05 23:30	./data/cache_v2/_done/v8_c2
0	2026-10-05 23:35	./data/cache_v2/_done/v8_c2_dec
0	2026-10-05 22:15	./data/cache_v2/_done/v8_cands_plan
0	2026-10-05 22:23	./data/cache_v2/_done/v8_cands_test
0	2026-10-05 22:19	./data/cache_v2/_done/v8_cands_train
0	2026-10-06 00:00	./data/cache_v2/_done/v8_choose
0	2026-10-05 23:01	./data/cache_v2/_done/v8_feats_test
0	2026-10-05 22:55	./data/cache_v2/_done/v8_feats_train
0	2026-10-05 23:58	./data/cache_v2/_done/v8_final
0	2026-10-05 23:08	./data/cache_v2/_done/v8_full
0	2026-10-05 22:15	./data/cache_v2/_done/v8_miss_probe
0	2026-10-05 23:12	./data/cache_v2/_done/v8_noemb
0	2026-10-05 22:26	./data/cache_v2/_done/v8_paircos_test
0	2026-10-05 22:24	./data/cache_v2/_done/v8_paircos_train
0	2026-10-05 23:56	./data/cache_v2/_done/v8_plan
0	2026-10-05 22:33	./data/cache_v2/_done/v8_prune_feats_test
0	2026-10-05 22:29	./data/cache_v2/_done/v8_prune_feats_train
0	2026-10-05 22:38	./data/cache_v2/_done/v8_prune_fit
0	2026-10-05 22:50	./data/cache_v2/_done/v8_prune_test
0	2026-10-05 22:38	./data/cache_v2/_done/v8_prune_train
0	2026-10-05 18:47	./data/cache_v2/_done/v8_sib_probe
0	2026-10-05 23:49	./data/cache_v2/_done/v8_test_rounds
0	2026-10-05 23:41	./data/cache_v2/_done/v8_test_s1
0	2026-10-05 23:02	./data/cache_v2/_done/v8_universe
0	2026-10-05 23:58	./data/cache_v2/_done/v8_val
0	2026-10-05 23:13	./data/cache_v2/_done/v8x_bge
0	2026-10-05 23:42	./data/cache_v2/_done/v8x_bge_te
0	2026-10-05 23:04	./data/cache_v2/_done/v8_xfeats_test
0	2026-10-05 23:03	./data/cache_v2/_done/v8_xfeats_train
0	2026-10-05 23:13	./data/cache_v2/_done/v8x_prep
0	2026-10-05 23:42	./data/cache_v2/_done/v8x_prep_te
0	2026-10-05 23:13	./data/cache_v2/_done/v8x_qwen
0	2026-10-05 23:42	./data/cache_v2/_done/v8x_qwen_te
0	2026-10-05 23:13	./data/cache_v2/_done/v8x_xlmr
0	2026-10-05 23:42	./data/cache_v2/_done/v8x_xlmr_te
0	2026-10-05 21:06	./data/cache_v2/_done/xgb_full
0	2026-10-05 21:13	./data/cache_v2/_done/xgb_noemb
2206949	2026-10-05 20:58	./data/cache_v2/drop_19.npy
2206949	2026-10-05 23:01	./data/cache_v2/drop_62.npy
5991492224	2026-10-05 20:26	./data/cache_v2/emb/e2f_test/emb.npy
797567248	2026-10-05 20:29	./data/cache_v2/emb/e2f_test/rid_emb_idx.npy
398783688	2026-10-05 20:29	./data/cache_v2/emb/e2f_test/rid_emb_sc.npy
6413844608	2026-10-05 20:19	./data/cache_v2/emb/e2f_train/emb.npy
825617648	2026-10-05 20:25	./data/cache_v2/emb/e2f_train/rid_emb_idx.npy
412808888	2026-10-05 20:25	./data/cache_v2/emb/e2f_train/rid_emb_sc.npy
406482063	2026-10-05 20:32	./data/cache_v2/emb/e3_test/paircos_c2.parquet
1501683769	2026-10-05 22:26	./data/cache_v2/emb/e3_test/paircos_c3w.parquet
421718483	2026-10-05 20:30	./data/cache_v2/emb/e3_train/paircos_c2.parquet
866162534	2026-10-05 22:24	./data/cache_v2/emb/e3_train/paircos_c3wdms.parquet
825617648	2026-10-05 20:14	./data/cache_v2/emb/e3_train/rid_emb_idx.npy
412808888	2026-10-05 20:14	./data/cache_v2/emb/e3_train/rid_emb_sc.npy
1612986000	2026-10-05 20:18	./data/cache_v2/emb/models/e2f.pt
1612986636	2026-10-05 19:58	./data/cache_v2/emb/models/e3_fold0.pt
1612986636	2026-10-05 20:02	./data/cache_v2/emb/models/e3_fold1.pt
1612986636	2026-10-05 20:06	./data/cache_v2/emb/models/e3_fold2.pt
1612986636	2026-10-05 20:09	./data/cache_v2/emb/models/e3_fold3.pt
1612986636	2026-10-05 20:13	./data/cache_v2/emb/models/e3_fold4.pt
164280424	2026-10-05 20:48	./data/cache_v2/feats/c2_test/part_000.parquet
164319849	2026-10-05 20:49	./data/cache_v2/feats/c2_test/part_001.parquet
164279374	2026-10-05 20:49	./data/cache_v2/feats/c2_test/part_002.parquet
164261486	2026-10-05 20:50	./data/cache_v2/feats/c2_test/part_003.parquet
164271937	2026-10-05 20:50	./data/cache_v2/feats/c2_test/part_004.parquet
164277558	2026-10-05 20:50	./data/cache_v2/feats/c2_test/part_005.parquet
164310387	2026-10-05 20:51	./data/cache_v2/feats/c2_test/part_006.parquet
164278353	2026-10-05 20:51	./data/cache_v2/feats/c2_test/part_007.parquet
164261232	2026-10-05 20:52	./data/cache_v2/feats/c2_test/part_008.parquet
164251835	2026-10-05 20:52	./data/cache_v2/feats/c2_test/part_009.parquet
164243661	2026-10-05 20:53	./data/cache_v2/feats/c2_test/part_010.parquet
164293050	2026-10-05 20:53	./data/cache_v2/feats/c2_test/part_011.parquet
164543505	2026-10-05 20:53	./data/cache_v2/feats/c2_test/part_012.parquet
164650862	2026-10-05 20:54	./data/cache_v2/feats/c2_test/part_013.parquet
164657796	2026-10-05 20:54	./data/cache_v2/feats/c2_test/part_014.parquet
164654666	2026-10-05 20:55	./data/cache_v2/feats/c2_test/part_015.parquet
164661048	2026-10-05 20:55	./data/cache_v2/feats/c2_test/part_016.parquet
164614009	2026-10-05 20:55	./data/cache_v2/feats/c2_test/part_017.parquet
164603318	2026-10-05 20:56	./data/cache_v2/feats/c2_test/part_018.parquet
164642406	2026-10-05 20:56	./data/cache_v2/feats/c2_test/part_019.parquet
164626394	2026-10-05 20:57	./data/cache_v2/feats/c2_test/part_020.parquet
164661177	2026-10-05 20:57	./data/cache_v2/feats/c2_test/part_021.parquet
164628901	2026-10-05 20:58	./data/cache_v2/feats/c2_test/part_022.parquet
164663121	2026-10-05 20:58	./data/cache_v2/feats/c2_test/part_023.parquet
152231931	2026-10-05 20:58	./data/cache_v2/feats/c2_test/part_024.parquet
161951552	2026-10-05 20:34	./data/cache_v2/feats/c2_train/part_000.parquet
162041008	2026-10-05 20:35	./data/cache_v2/feats/c2_train/part_001.parquet
161959846	2026-10-05 20:35	./data/cache_v2/feats/c2_train/part_002.parquet
162039328	2026-10-05 20:36	./data/cache_v2/feats/c2_train/part_003.parquet
161945898	2026-10-05 20:36	./data/cache_v2/feats/c2_train/part_004.parquet
161989633	2026-10-05 20:36	./data/cache_v2/feats/c2_train/part_005.parquet
162042192	2026-10-05 20:37	./data/cache_v2/feats/c2_train/part_006.parquet
162009749	2026-10-05 20:37	./data/cache_v2/feats/c2_train/part_007.parquet
162023866	2026-10-05 20:38	./data/cache_v2/feats/c2_train/part_008.parquet
162019667	2026-10-05 20:38	./data/cache_v2/feats/c2_train/part_009.parquet
161996051	2026-10-05 20:39	./data/cache_v2/feats/c2_train/part_010.parquet
162022300	2026-10-05 20:39	./data/cache_v2/feats/c2_train/part_011.parquet
162191299	2026-10-05 20:40	./data/cache_v2/feats/c2_train/part_012.parquet
162689959	2026-10-05 20:40	./data/cache_v2/feats/c2_train/part_013.parquet
162644588	2026-10-05 20:40	./data/cache_v2/feats/c2_train/part_014.parquet
162611584	2026-10-05 20:41	./data/cache_v2/feats/c2_train/part_015.parquet
162625650	2026-10-05 20:41	./data/cache_v2/feats/c2_train/part_016.parquet
162624303	2026-10-05 20:42	./data/cache_v2/feats/c2_train/part_017.parquet
162606826	2026-10-05 20:42	./data/cache_v2/feats/c2_train/part_018.parquet
162644978	2026-10-05 20:43	./data/cache_v2/feats/c2_train/part_019.parquet
162637244	2026-10-05 20:43	./data/cache_v2/feats/c2_train/part_020.parquet
162618909	2026-10-05 20:43	./data/cache_v2/feats/c2_train/part_021.parquet
162589221	2026-10-05 20:44	./data/cache_v2/feats/c2_train/part_022.parquet
162688114	2026-10-05 20:44	./data/cache_v2/feats/c2_train/part_023.parquet
162724835	2026-10-05 20:45	./data/cache_v2/feats/c2_train/part_024.parquet
130242790	2026-10-05 20:45	./data/cache_v2/feats/c2_train/part_025.parquet
134500895	2026-10-05 20:59	./data/cache_v2/feats/c2_train_sim19/part_000.parquet
134517021	2026-10-05 20:59	./data/cache_v2/feats/c2_train_sim19/part_001.parquet
134518583	2026-10-05 20:59	./data/cache_v2/feats/c2_train_sim19/part_002.parquet
134459042	2026-10-05 20:59	./data/cache_v2/feats/c2_train_sim19/part_003.parquet
134469823	2026-10-05 20:59	./data/cache_v2/feats/c2_train_sim19/part_004.parquet
134534829	2026-10-05 20:59	./data/cache_v2/feats/c2_train_sim19/part_005.parquet
134427256	2026-10-05 20:59	./data/cache_v2/feats/c2_train_sim19/part_006.parquet
134534917	2026-10-05 20:59	./data/cache_v2/feats/c2_train_sim19/part_007.parquet
134510296	2026-10-05 20:59	./data/cache_v2/feats/c2_train_sim19/part_008.parquet
134502598	2026-10-05 20:59	./data/cache_v2/feats/c2_train_sim19/part_009.parquet
134452451	2026-10-05 20:59	./data/cache_v2/feats/c2_train_sim19/part_010.parquet
134470977	2026-10-05 20:59	./data/cache_v2/feats/c2_train_sim19/part_011.parquet
134699742	2026-10-05 20:59	./data/cache_v2/feats/c2_train_sim19/part_012.parquet
135034119	2026-10-05 20:59	./data/cache_v2/feats/c2_train_sim19/part_013.parquet
134973976	2026-10-05 20:59	./data/cache_v2/feats/c2_train_sim19/part_014.parquet
134982595	2026-10-05 20:59	./data/cache_v2/feats/c2_train_sim19/part_015.parquet
135027831	2026-10-05 20:59	./data/cache_v2/feats/c2_train_sim19/part_016.parquet
135091880	2026-10-05 20:59	./data/cache_v2/feats/c2_train_sim19/part_017.parquet
135020613	2026-10-05 20:59	./data/cache_v2/feats/c2_train_sim19/part_018.parquet
135033439	2026-10-05 20:59	./data/cache_v2/feats/c2_train_sim19/part_019.parquet
135036161	2026-10-05 20:59	./data/cache_v2/feats/c2_train_sim19/part_020.parquet
135005905	2026-10-05 20:59	./data/cache_v2/feats/c2_train_sim19/part_021.parquet
135056269	2026-10-05 20:59	./data/cache_v2/feats/c2_train_sim19/part_022.parquet
135051025	2026-10-05 20:59	./data/cache_v2/feats/c2_train_sim19/part_023.parquet
134987772	2026-10-05 20:59	./data/cache_v2/feats/c2_train_sim19/part_024.parquet
108143115	2026-10-05 20:59	./data/cache_v2/feats/c2_train_sim19/part_025.parquet
56189631	2026-10-05 21:17	./data/cache_v2/feats/c2_train_sim19_xgb_c2_blend_s2_v2/part_000.parquet
56170975	2026-10-05 21:17	./data/cache_v2/feats/c2_train_sim19_xgb_c2_blend_s2_v2/part_001.parquet
56181845	2026-10-05 21:17	./data/cache_v2/feats/c2_train_sim19_xgb_c2_blend_s2_v2/part_002.parquet
56139608	2026-10-05 21:17	./data/cache_v2/feats/c2_train_sim19_xgb_c2_blend_s2_v2/part_003.parquet
56177600	2026-10-05 21:17	./data/cache_v2/feats/c2_train_sim19_xgb_c2_blend_s2_v2/part_004.parquet
56179621	2026-10-05 21:17	./data/cache_v2/feats/c2_train_sim19_xgb_c2_blend_s2_v2/part_005.parquet
56127417	2026-10-05 21:17	./data/cache_v2/feats/c2_train_sim19_xgb_c2_blend_s2_v2/part_006.parquet
56180867	2026-10-05 21:17	./data/cache_v2/feats/c2_train_sim19_xgb_c2_blend_s2_v2/part_007.parquet
56164358	2026-10-05 21:17	./data/cache_v2/feats/c2_train_sim19_xgb_c2_blend_s2_v2/part_008.parquet
56156482	2026-10-05 21:17	./data/cache_v2/feats/c2_train_sim19_xgb_c2_blend_s2_v2/part_009.parquet
56130980	2026-10-05 21:17	./data/cache_v2/feats/c2_train_sim19_xgb_c2_blend_s2_v2/part_010.parquet
56149467	2026-10-05 21:17	./data/cache_v2/feats/c2_train_sim19_xgb_c2_blend_s2_v2/part_011.parquet
56226072	2026-10-05 21:17	./data/cache_v2/feats/c2_train_sim19_xgb_c2_blend_s2_v2/part_012.parquet
56303457	2026-10-05 21:17	./data/cache_v2/feats/c2_train_sim19_xgb_c2_blend_s2_v2/part_013.parquet
56298295	2026-10-05 21:17	./data/cache_v2/feats/c2_train_sim19_xgb_c2_blend_s2_v2/part_014.parquet
56299936	2026-10-05 21:17	./data/cache_v2/feats/c2_train_sim19_xgb_c2_blend_s2_v2/part_015.parquet
56317268	2026-10-05 21:17	./data/cache_v2/feats/c2_train_sim19_xgb_c2_blend_s2_v2/part_016.parquet
56324673	2026-10-05 21:17	./data/cache_v2/feats/c2_train_sim19_xgb_c2_blend_s2_v2/part_017.parquet
56312662	2026-10-05 21:17	./data/cache_v2/feats/c2_train_sim19_xgb_c2_blend_s2_v2/part_018.parquet
56311795	2026-10-05 21:17	./data/cache_v2/feats/c2_train_sim19_xgb_c2_blend_s2_v2/part_019.parquet
56311467	2026-10-05 21:17	./data/cache_v2/feats/c2_train_sim19_xgb_c2_blend_s2_v2/part_020.parquet
56301578	2026-10-05 21:17	./data/cache_v2/feats/c2_train_sim19_xgb_c2_blend_s2_v2/part_021.parquet
56332360	2026-10-05 21:17	./data/cache_v2/feats/c2_train_sim19_xgb_c2_blend_s2_v2/part_022.parquet
56303095	2026-10-05 21:17	./data/cache_v2/feats/c2_train_sim19_xgb_c2_blend_s2_v2/part_023.parquet
56266796	2026-10-05 21:17	./data/cache_v2/feats/c2_train_sim19_xgb_c2_blend_s2_v2/part_024.parquet
45085674	2026-10-05 21:17	./data/cache_v2/feats/c2_train_sim19_xgb_c2_blend_s2_v2/part_025.parquet
165562166	2026-10-05 22:28	./data/cache_v2/feats/c3wdms_train_lite/part_000.parquet
165619871	2026-10-05 22:28	./data/cache_v2/feats/c3wdms_train_lite/part_001.parquet
165692157	2026-10-05 22:28	./data/cache_v2/feats/c3wdms_train_lite/part_002.parquet
165616174	2026-10-05 22:28	./data/cache_v2/feats/c3wdms_train_lite/part_003.parquet
165671658	2026-10-05 22:28	./data/cache_v2/feats/c3wdms_train_lite/part_004.parquet
165581587	2026-10-05 22:28	./data/cache_v2/feats/c3wdms_train_lite/part_005.parquet
165577859	2026-10-05 22:28	./data/cache_v2/feats/c3wdms_train_lite/part_006.parquet
165796257	2026-10-05 22:28	./data/cache_v2/feats/c3wdms_train_lite/part_007.parquet
165666543	2026-10-05 22:28	./data/cache_v2/feats/c3wdms_train_lite/part_008.parquet
165637228	2026-10-05 22:28	./data/cache_v2/feats/c3wdms_train_lite/part_009.parquet
165699031	2026-10-05 22:28	./data/cache_v2/feats/c3wdms_train_lite/part_010.parquet
165774693	2026-10-05 22:28	./data/cache_v2/feats/c3wdms_train_lite/part_011.parquet
165771770	2026-10-05 22:28	./data/cache_v2/feats/c3wdms_train_lite/part_012.parquet
165831292	2026-10-05 22:28	./data/cache_v2/feats/c3wdms_train_lite/part_013.parquet
165723150	2026-10-05 22:29	./data/cache_v2/feats/c3wdms_train_lite/part_014.parquet
166305877	2026-10-05 22:29	./data/cache_v2/feats/c3wdms_train_lite/part_015.parquet
166308908	2026-10-05 22:29	./data/cache_v2/feats/c3wdms_train_lite/part_016.parquet
166215143	2026-10-05 22:29	./data/cache_v2/feats/c3wdms_train_lite/part_017.parquet
166308552	2026-10-05 22:29	./data/cache_v2/feats/c3wdms_train_lite/part_018.parquet
166222168	2026-10-05 22:29	./data/cache_v2/feats/c3wdms_train_lite/part_019.parquet
166184437	2026-10-05 22:29	./data/cache_v2/feats/c3wdms_train_lite/part_020.parquet
166213632	2026-10-05 22:29	./data/cache_v2/feats/c3wdms_train_lite/part_021.parquet
166231194	2026-10-05 22:29	./data/cache_v2/feats/c3wdms_train_lite/part_022.parquet
166203944	2026-10-05 22:29	./data/cache_v2/feats/c3wdms_train_lite/part_023.parquet
166349609	2026-10-05 22:29	./data/cache_v2/feats/c3wdms_train_lite/part_024.parquet
166200269	2026-10-05 22:29	./data/cache_v2/feats/c3wdms_train_lite/part_025.parquet
166370188	2026-10-05 22:29	./data/cache_v2/feats/c3wdms_train_lite/part_026.parquet
166191485	2026-10-05 22:29	./data/cache_v2/feats/c3wdms_train_lite/part_027.parquet
166359590	2026-10-05 22:29	./data/cache_v2/feats/c3wdms_train_lite/part_028.parquet
166362231	2026-10-05 22:29	./data/cache_v2/feats/c3wdms_train_lite/part_029.parquet
43558915	2026-10-05 22:29	./data/cache_v2/feats/c3wdms_train_lite/part_030.parquet
168596508	2026-10-05 22:31	./data/cache_v2/feats/c3w_test_lite/part_000.parquet
168573814	2026-10-05 22:31	./data/cache_v2/feats/c3w_test_lite/part_001.parquet
168637977	2026-10-05 22:31	./data/cache_v2/feats/c3w_test_lite/part_002.parquet
168549662	2026-10-05 22:32	./data/cache_v2/feats/c3w_test_lite/part_003.parquet
168672386	2026-10-05 22:32	./data/cache_v2/feats/c3w_test_lite/part_004.parquet
168663723	2026-10-05 22:32	./data/cache_v2/feats/c3w_test_lite/part_005.parquet
168512671	2026-10-05 22:32	./data/cache_v2/feats/c3w_test_lite/part_006.parquet
168580287	2026-10-05 22:32	./data/cache_v2/feats/c3w_test_lite/part_007.parquet
168732923	2026-10-05 22:32	./data/cache_v2/feats/c3w_test_lite/part_008.parquet
168626477	2026-10-05 22:32	./data/cache_v2/feats/c3w_test_lite/part_009.parquet
168558333	2026-10-05 22:32	./data/cache_v2/feats/c3w_test_lite/part_010.parquet
168648736	2026-10-05 22:32	./data/cache_v2/feats/c3w_test_lite/part_011.parquet
168616265	2026-10-05 22:32	./data/cache_v2/feats/c3w_test_lite/part_012.parquet
168714849	2026-10-05 22:32	./data/cache_v2/feats/c3w_test_lite/part_013.parquet
168549625	2026-10-05 22:32	./data/cache_v2/feats/c3w_test_lite/part_014.parquet
168673513	2026-10-05 22:32	./data/cache_v2/feats/c3w_test_lite/part_015.parquet
168604199	2026-10-05 22:32	./data/cache_v2/feats/c3w_test_lite/part_016.parquet
168443825	2026-10-05 22:32	./data/cache_v2/feats/c3w_test_lite/part_017.parquet
168645481	2026-10-05 22:32	./data/cache_v2/feats/c3w_test_lite/part_018.parquet
168500546	2026-10-05 22:32	./data/cache_v2/feats/c3w_test_lite/part_019.parquet
168577010	2026-10-05 22:32	./data/cache_v2/feats/c3w_test_lite/part_020.parquet
168585724	2026-10-05 22:32	./data/cache_v2/feats/c3w_test_lite/part_021.parquet
168540826	2026-10-05 22:32	./data/cache_v2/feats/c3w_test_lite/part_022.parquet
168650258	2026-10-05 22:32	./data/cache_v2/feats/c3w_test_lite/part_023.parquet
168536895	2026-10-05 22:32	./data/cache_v2/feats/c3w_test_lite/part_024.parquet
168638618	2026-10-05 22:32	./data/cache_v2/feats/c3w_test_lite/part_025.parquet
168864877	2026-10-05 22:32	./data/cache_v2/feats/c3w_test_lite/part_026.parquet
169094089	2026-10-05 22:32	./data/cache_v2/feats/c3w_test_lite/part_027.parquet
169041142	2026-10-05 22:32	./data/cache_v2/feats/c3w_test_lite/part_028.parquet
169131003	2026-10-05 22:32	./data/cache_v2/feats/c3w_test_lite/part_029.parquet
169103198	2026-10-05 22:32	./data/cache_v2/feats/c3w_test_lite/part_030.parquet
169012140	2026-10-05 22:32	./data/cache_v2/feats/c3w_test_lite/part_031.parquet
169180303	2026-10-05 22:32	./data/cache_v2/feats/c3w_test_lite/part_032.parquet
169084128	2026-10-05 22:32	./data/cache_v2/feats/c3w_test_lite/part_033.parquet
169074915	2026-10-05 22:32	./data/cache_v2/feats/c3w_test_lite/part_034.parquet
169132513	2026-10-05 22:32	./data/cache_v2/feats/c3w_test_lite/part_035.parquet
169136013	2026-10-05 22:32	./data/cache_v2/feats/c3w_test_lite/part_036.parquet
168932195	2026-10-05 22:32	./data/cache_v2/feats/c3w_test_lite/part_037.parquet
169067424	2026-10-05 22:32	./data/cache_v2/feats/c3w_test_lite/part_038.parquet
168887404	2026-10-05 22:32	./data/cache_v2/feats/c3w_test_lite/part_039.parquet
169112694	2026-10-05 22:32	./data/cache_v2/feats/c3w_test_lite/part_040.parquet
169128979	2026-10-05 22:32	./data/cache_v2/feats/c3w_test_lite/part_041.parquet
169038806	2026-10-05 22:32	./data/cache_v2/feats/c3w_test_lite/part_042.parquet
169090749	2026-10-05 22:32	./data/cache_v2/feats/c3w_test_lite/part_043.parquet
169013647	2026-10-05 22:32	./data/cache_v2/feats/c3w_test_lite/part_044.parquet
169018287	2026-10-05 22:32	./data/cache_v2/feats/c3w_test_lite/part_045.parquet
169132499	2026-10-05 22:32	./data/cache_v2/feats/c3w_test_lite/part_046.parquet
169082198	2026-10-05 22:32	./data/cache_v2/feats/c3w_test_lite/part_047.parquet
169126350	2026-10-05 22:32	./data/cache_v2/feats/c3w_test_lite/part_048.parquet
169108117	2026-10-05 22:32	./data/cache_v2/feats/c3w_test_lite/part_049.parquet
169140283	2026-10-05 22:33	./data/cache_v2/feats/c3w_test_lite/part_050.parquet
169077503	2026-10-05 22:33	./data/cache_v2/feats/c3w_test_lite/part_051.parquet
169163528	2026-10-05 22:33	./data/cache_v2/feats/c3w_test_lite/part_052.parquet
162766652	2026-10-05 22:33	./data/cache_v2/feats/c3w_test_lite/part_053.parquet
163784126	2026-10-05 23:01	./data/cache_v2/feats/c4dms_train_dmsA/part_000.parquet
163885417	2026-10-05 23:02	./data/cache_v2/feats/c4dms_train_dmsA/part_001.parquet
163930220	2026-10-05 23:02	./data/cache_v2/feats/c4dms_train_dmsA/part_002.parquet
163926389	2026-10-05 23:02	./data/cache_v2/feats/c4dms_train_dmsA/part_003.parquet
164125184	2026-10-05 23:02	./data/cache_v2/feats/c4dms_train_dmsA/part_004.parquet
164142745	2026-10-05 23:02	./data/cache_v2/feats/c4dms_train_dmsA/part_005.parquet
164193573	2026-10-05 23:02	./data/cache_v2/feats/c4dms_train_dmsA/part_006.parquet
164213760	2026-10-05 23:02	./data/cache_v2/feats/c4dms_train_dmsA/part_007.parquet
59175697	2026-10-05 23:02	./data/cache_v2/feats/c4dms_train_dmsA/part_008.parquet
164468609	2026-10-05 22:51	./data/cache_v2/feats/c4dms_train/part_000.parquet
164570372	2026-10-05 22:52	./data/cache_v2/feats/c4dms_train/part_001.parquet
164616011	2026-10-05 22:52	./data/cache_v2/feats/c4dms_train/part_002.parquet
164610829	2026-10-05 22:53	./data/cache_v2/feats/c4dms_train/part_003.parquet
164798916	2026-10-05 22:53	./data/cache_v2/feats/c4dms_train/part_004.parquet
164813523	2026-10-05 22:54	./data/cache_v2/feats/c4dms_train/part_005.parquet
164868400	2026-10-05 22:54	./data/cache_v2/feats/c4dms_train/part_006.parquet
164887024	2026-10-05 22:55	./data/cache_v2/feats/c4dms_train/part_007.parquet
59417433	2026-10-05 22:55	./data/cache_v2/feats/c4dms_train/part_008.parquet
164193194	2026-10-05 22:56	./data/cache_v2/feats/c4_test/part_000.parquet
164161871	2026-10-05 22:57	./data/cache_v2/feats/c4_test/part_001.parquet
164186367	2026-10-05 22:57	./data/cache_v2/feats/c4_test/part_002.parquet
164185539	2026-10-05 22:58	./data/cache_v2/feats/c4_test/part_003.parquet
164208526	2026-10-05 22:58	./data/cache_v2/feats/c4_test/part_004.parquet
164165131	2026-10-05 22:59	./data/cache_v2/feats/c4_test/part_005.parquet
164030906	2026-10-05 22:59	./data/cache_v2/feats/c4_test/part_006.parquet
163949976	2026-10-05 23:00	./data/cache_v2/feats/c4_test/part_007.parquet
164033816	2026-10-05 23:00	./data/cache_v2/feats/c4_test/part_008.parquet
164052423	2026-10-05 23:01	./data/cache_v2/feats/c4_test/part_009.parquet
70210672	2026-10-05 23:01	./data/cache_v2/feats/c4_test/part_010.parquet
186616665	2026-10-05 23:03	./data/cache_v2/feats/c4v8_test/part_000.parquet
186591082	2026-10-05 23:03	./data/cache_v2/feats/c4v8_test/part_001.parquet
186619422	2026-10-05 23:03	./data/cache_v2/feats/c4v8_test/part_002.parquet
186614985	2026-10-05 23:03	./data/cache_v2/feats/c4v8_test/part_003.parquet
186633137	2026-10-05 23:04	./data/cache_v2/feats/c4v8_test/part_004.parquet
186540660	2026-10-05 23:04	./data/cache_v2/feats/c4v8_test/part_005.parquet
186396660	2026-10-05 23:04	./data/cache_v2/feats/c4v8_test/part_006.parquet
186307358	2026-10-05 23:04	./data/cache_v2/feats/c4v8_test/part_007.parquet
186398778	2026-10-05 23:04	./data/cache_v2/feats/c4v8_test/part_008.parquet
186425933	2026-10-05 23:04	./data/cache_v2/feats/c4v8_test/part_009.parquet
79773806	2026-10-05 23:04	./data/cache_v2/feats/c4v8_test/part_010.parquet
185649851	2026-10-05 23:02	./data/cache_v2/feats/c4v8_train_dmsA/part_000.parquet
185775488	2026-10-05 23:02	./data/cache_v2/feats/c4v8_train_dmsA/part_001.parquet
185826127	2026-10-05 23:02	./data/cache_v2/feats/c4v8_train_dmsA/part_002.parquet
185815976	2026-10-05 23:02	./data/cache_v2/feats/c4v8_train_dmsA/part_003.parquet
185949978	2026-10-05 23:02	./data/cache_v2/feats/c4v8_train_dmsA/part_004.parquet
185959600	2026-10-05 23:03	./data/cache_v2/feats/c4v8_train_dmsA/part_005.parquet
186013945	2026-10-05 23:03	./data/cache_v2/feats/c4v8_train_dmsA/part_006.parquet
186042243	2026-10-05 23:03	./data/cache_v2/feats/c4v8_train_dmsA/part_007.parquet
67044597	2026-10-05 23:03	./data/cache_v2/feats/c4v8_train_dmsA/part_008.parquet
91986042	2026-10-05 23:17	./data/cache_v2/feats/c4v8_train_dmsA_xgb_v8_c1/part_000.parquet
91992246	2026-10-05 23:17	./data/cache_v2/feats/c4v8_train_dmsA_xgb_v8_c1/part_001.parquet
91982804	2026-10-05 23:17	./data/cache_v2/feats/c4v8_train_dmsA_xgb_v8_c1/part_002.parquet
91998110	2026-10-05 23:17	./data/cache_v2/feats/c4v8_train_dmsA_xgb_v8_c1/part_003.parquet
91952534	2026-10-05 23:17	./data/cache_v2/feats/c4v8_train_dmsA_xgb_v8_c1/part_004.parquet
91902006	2026-10-05 23:17	./data/cache_v2/feats/c4v8_train_dmsA_xgb_v8_c1/part_005.parquet
91945696	2026-10-05 23:17	./data/cache_v2/feats/c4v8_train_dmsA_xgb_v8_c1/part_006.parquet
91962591	2026-10-05 23:17	./data/cache_v2/feats/c4v8_train_dmsA_xgb_v8_c1/part_007.parquet
33127804	2026-10-05 23:17	./data/cache_v2/feats/c4v8_train_dmsA_xgb_v8_c1/part_008.parquet
97277153	2026-10-05 23:28	./data/cache_v2/feats/c4v8_train_dmsA_xgb_v8_c2/part_000.parquet
97283327	2026-10-05 23:28	./data/cache_v2/feats/c4v8_train_dmsA_xgb_v8_c2/part_001.parquet
97277356	2026-10-05 23:28	./data/cache_v2/feats/c4v8_train_dmsA_xgb_v8_c2/part_002.parquet
97287291	2026-10-05 23:28	./data/cache_v2/feats/c4v8_train_dmsA_xgb_v8_c2/part_003.parquet
97351575	2026-10-05 23:28	./data/cache_v2/feats/c4v8_train_dmsA_xgb_v8_c2/part_004.parquet
97308808	2026-10-05 23:28	./data/cache_v2/feats/c4v8_train_dmsA_xgb_v8_c2/part_005.parquet
97357860	2026-10-05 23:28	./data/cache_v2/feats/c4v8_train_dmsA_xgb_v8_c2/part_006.parquet
97367269	2026-10-05 23:28	./data/cache_v2/feats/c4v8_train_dmsA_xgb_v8_c2/part_007.parquet
35078204	2026-10-05 23:28	./data/cache_v2/feats/c4v8_train_dmsA_xgb_v8_c2/part_008.parquet
374595543	2026-10-05 21:21	./data/cache_v2/feats/oof_xgb_c2_blend_s2_v2.parquet
383844710	2026-10-05 21:13	./data/cache_v2/feats/oof_xgb_c2_blend_v2.parquet
385263546	2026-10-05 21:12	./data/cache_v2/feats/oof_xgb_c2_sim19_noemb_v2.parquet
385222952	2026-10-05 21:05	./data/cache_v2/feats/oof_xgb_c2_sim19_v2.parquet
173957194	2026-10-05 23:12	./data/cache_v2/feats/oof_xgb_v8_blend.parquet
170100106	2026-10-05 23:19	./data/cache_v2/feats/oof_xgb_v8_c1.parquet
144159106	2026-10-05 23:30	./data/cache_v2/feats/oof_xgb_v8_c2.parquet
173685240	2026-10-05 23:07	./data/cache_v2/feats/oof_xgb_v8_full.parquet
173873170	2026-10-05 23:11	./data/cache_v2/feats/oof_xgb_v8_noemb.parquet
948787611	2026-10-05 22:38	./data/cache_v2/feats/prune_oof_c3wdms.parquet
410056649	2026-10-05 21:51	./data/cache_v2/feats/test_scores_final_v2.parquet
331738343	2026-10-05 23:49	./data/cache_v2/feats/test_scores_final_v8.parquet
420549779	2026-10-05 21:42	./data/cache_v2/feats/test_stage1_final_v2.parquet
206993178	2026-10-05 23:41	./data/cache_v2/feats/test_stage1_final_v8.parquet
129097145	2026-10-05 18:44	./data/cache_v2/norm_v2_test_s1.parquet
367008016	2026-10-05 18:44	./data/cache_v2/norm_v2_test_s2.parquet
374569267	2026-10-05 18:44	./data/cache_v2/norm_v2_test_s3.parquet
162669211	2026-10-05 18:44	./data/cache_v2/norm_v2_train_s1.parquet
369310354	2026-10-05 18:44	./data/cache_v2/norm_v2_train_s2.parquet
383646271	2026-10-05 18:45	./data/cache_v2/norm_v2_train_s3.parquet
153808577	2026-10-05 23:42	./data/cache_v2/xenc/v8band_test.parquet
68779679	2026-10-05 23:13	./data/cache_v2/xenc/v8band_train.parquet
6148	2026-09-25 00:19	./data/dataset/.DS_Store
175022086	2026-09-25 00:19	./data/dataset/test/test_source1.tsv
509456422	2026-09-25 00:19	./data/dataset/test/test_source2.tsv
506002772	2026-09-25 00:19	./data/dataset/test/test_source3.tsv
127015583	2026-09-25 00:19	./data/dataset/train/train_ground_truth.tsv
210069713	2026-09-25 00:19	./data/dataset/train/train_source1.tsv
489301488	2026-09-25 00:19	./data/dataset/train/train_source2.tsv
503705637	2026-09-25 00:19	./data/dataset/train/train_source3.tsv
22772	2026-09-27 16:02	./EXPERIMENT_LOG.md
11761	2026-09-27 16:02	./H100_MANUAL.md
10518	2026-09-27 16:02	./PHASE2.md
545	2026-09-27 16:02	./requirements.txt
2094	2026-10-05 19:30	./results/blocking/b1/recall.json
113	2026-10-05 19:54	./results/blocking/b1/timing_test.json
76	2026-10-05 19:30	./results/blocking/b1/timing_train.json
290	2026-10-05 20:29	./results/blocking/candidates/cands_c2_test.json
666	2026-10-05 20:29	./results/blocking/candidates/cands_c2_train.json
128905	2026-10-05 20:29	./results/blocking/candidates/missed_c2.tsv
28930	2026-09-27 16:02	./results/eda/eda_report.json
2145	2026-10-05 18:41	./results/eda/prep_v1_test_all.json
2126	2026-10-05 18:31	./results/eda/prep_v1_train_folds.json
317	2026-10-05 20:29	./results/embeddings/e2f/report_embed_test.json
1119	2026-10-05 20:25	./results/embeddings/e2f/report_embed_train.json
2713	2026-10-05 20:18	./results/embeddings/e2f/report_trainonly_train.json
234	2026-10-05 22:26	./results/embeddings/e3/report_test.json
615	2026-10-05 22:24	./results/embeddings/e3/report_train.json
664813656	2026-10-05 21:54	./results/final/final_v2/output/candidate_pairs.tsv
97417885	2026-10-05 21:54	./results/final/final_v2/output/matching_results.tsv
59572871	2026-10-05 21:41	./results/final/final_v2/stage1_xgb_c2_sim19_noemb_v2_all_folds.json
61199946	2026-10-05 21:35	./results/final/final_v2/stage1_xgb_c2_sim19_v2_all_folds.json
10156935	2026-10-05 21:50	./results/final/final_v2/stage2_all_folds.json
890	2026-10-05 21:54	./results/final/final_v2/test_stats.json
291124774	2026-10-05 23:58	./results/final/final_v8/output/candidate_pairs.tsv
98505301	2026-10-05 23:58	./results/final/final_v8/output/matching_results.tsv
679	2026-10-05 23:49	./results/final/final_v8/predict_report.json
8814703	2026-10-05 23:47	./results/final/final_v8/refit_xgb_v8_c1.json
3218648	2026-10-05 23:48	./results/final/final_v8/refit_xgb_v8_c2.json
51215649	2026-10-05 23:38	./results/final/final_v8/refit_xgb_v8_full.json
45581896	2026-10-05 23:40	./results/final/final_v8/refit_xgb_v8_noemb.json
938	2026-10-05 23:58	./results/final/final_v8/test_stats.json
6	2026-10-05 18:57	./results/_jobs/mig_locks/MIG-c7e12075-054a-5bc9-89e9-896eab5f7528
18348	2026-10-06 00:00	./results/_jobs/v8all.log
0	2026-10-05 22:11	./results/_jobs/v8all.out
811	2026-10-05 21:13	./results/_runs/blend.log
2398	2026-10-05 19:06	./results/_runs/blk_test.log
2195	2026-10-05 18:52	./results/_runs/blk_train.log
685	2026-10-05 20:29	./results/_runs/cands_test.log
1136	2026-10-05 20:29	./results/_runs/cands_train.log
1690	2026-10-05 21:28	./results/_runs/dec_v2.log
1502	2026-10-05 20:29	./results/_runs/e2f_emb_test.log
2304	2026-10-05 20:25	./results/_runs/e2f_emb_train.log
2414	2026-10-05 20:18	./results/_runs/e2f_train.log
5413	2026-10-05 20:15	./results/_runs/e3_train.log
2488	2026-10-05 20:58	./results/_runs/feats_test.log
2573	2026-10-05 20:45	./results/_runs/feats_train.log
3889	2026-10-05 21:54	./results/_runs/final_v2.log
1808	2026-10-05 20:32	./results/_runs/paircos_test.log
2095	2026-10-05 20:30	./results/_runs/paircos_train.log
583	2026-10-05 20:59	./results/_runs/sim19.log
3059	2026-10-05 21:21	./results/_runs/stage2.log
800	2026-10-05 23:13	./results/_runs/v8_blend.log
1678	2026-10-05 23:25	./results/_runs/v8_c1_dec.log
3461	2026-10-05 23:20	./results/_runs/v8_c1.log
1678	2026-10-05 23:35	./results/_runs/v8_c2_dec.log
3426	2026-10-05 23:30	./results/_runs/v8_c2.log
955	2026-10-05 22:15	./results/_runs/v8_cands_plan.log
1243	2026-10-05 22:23	./results/_runs/v8_cands_test.log
1337	2026-10-05 22:19	./results/_runs/v8_cands_train.log
706	2026-10-06 00:00	./results/_runs/v8_choose.log
1989	2026-10-05 23:01	./results/_runs/v8_feats_test.log
1957	2026-10-05 22:55	./results/_runs/v8_feats_train.log
1091	2026-10-05 23:58	./results/_runs/v8_final.log
2844	2026-10-05 23:08	./results/_runs/v8_full.log
5579	2026-10-05 22:15	./results/_runs/v8_miss_probe.log
2784	2026-10-05 23:12	./results/_runs/v8_noemb.log
1812	2026-10-05 22:26	./results/_runs/v8_paircos_test.log
2107	2026-10-05 22:24	./results/_runs/v8_paircos_train.log
373	2026-10-05 23:56	./results/_runs/v8_plan.log
758	2026-10-05 22:33	./results/_runs/v8_prune_feats_test.log
780	2026-10-05 22:29	./results/_runs/v8_prune_feats_train.log
1733	2026-10-05 22:38	./results/_runs/v8_prune_fit.log
447	2026-10-05 22:50	./results/_runs/v8_prune_test.log
493	2026-10-05 22:38	./results/_runs/v8_prune_train.log
5679	2026-10-05 18:46	./results/_runs/v8_sib_probe.log
3244	2026-10-05 23:49	./results/_runs/v8_test_rounds.log
613	2026-10-05 23:41	./results/_runs/v8_test_s1.log
978	2026-10-05 23:02	./results/_runs/v8_universe.log
179	2026-10-05 23:58	./results/_runs/v8_val.log
291	2026-10-05 23:13	./results/_runs/v8x_bge.log
302	2026-10-05 23:42	./results/_runs/v8x_bge_te.log
1737	2026-10-05 23:04	./results/_runs/v8_xfeats_test.log
1711	2026-10-05 23:03	./results/_runs/v8_xfeats_train.log
600	2026-10-05 23:13	./results/_runs/v8x_prep.log
440	2026-10-05 23:42	./results/_runs/v8x_prep_te.log
508	2026-10-05 23:13	./results/_runs/v8x_qwen.log
294	2026-10-05 23:42	./results/_runs/v8x_qwen_te.log
292	2026-10-05 23:13	./results/_runs/v8x_xlmr.log
304	2026-10-05 23:42	./results/_runs/v8x_xlmr_te.log
217	2026-10-05 21:54	./results/_runs/val_v2.log
2508	2026-10-05 21:06	./results/_runs/xgb_full.log
2501	2026-10-05 21:13	./results/_runs/xgb_noemb.log
442	2026-10-05 20:58	./results/tfidf_fuzzy/features_c2_test.json
488	2026-10-05 20:45	./results/tfidf_fuzzy/features_c2_train.json
572	2026-10-05 22:55	./results/tfidf_fuzzy/features_c4dms_train.json
526	2026-10-05 23:01	./results/tfidf_fuzzy/features_c4_test.json
517	2026-10-05 23:04	./results/v5/extra_feats_c4v8_test.json
532	2026-10-05 23:03	./results/v5/extra_feats_c4v8_train_dmsA.json
493	2026-10-05 23:02	./results/v6/universe_c4dms_train_dmsA.json
699	2026-10-05 22:19	./results/v7/cands_c3wdms_train.json
603	2026-10-05 22:23	./results/v7/cands_c3w_test.json
135738	2026-10-05 22:15	./results/v7/missed_sample.tsv
4138	2026-10-05 22:15	./results/v7/miss_probe.json
827	2026-10-05 22:15	./results/v8/cands_plan.json
293	2026-10-05 22:38	./results/v8/prune_apply_c4dms_train.json
237	2026-10-05 22:50	./results/v8/prune_apply_c4_test.json
3042	2026-10-05 22:38	./results/v8/prune_c3wdms.json
690	2026-10-05 22:29	./results/v8/prune_feats_c3wdms_train.json
679	2026-10-05 22:33	./results/v8/prune_feats_c3w_test.json
13184809	2026-10-05 22:37	./results/v8/pruner_c3wdms_A.json
13107031	2026-10-05 22:37	./results/v8/pruner_c3wdms_B.json
2705	2026-10-05 18:46	./results/v8/sib_probe.json
2333	2026-10-06 00:00	./results/v8/v8_choice.json
5211	2026-10-05 23:56	./results/v8/v8_plan.json
166	2026-10-05 20:59	./results/xgboost/simulate_c2_train_sim19.json
17629	2026-10-05 21:21	./results/xgboost/xgb_c2_blend_s2_v2/decision.json
2989	2026-10-05 21:28	./results/xgboost/xgb_c2_blend_s2_v2/decode_eval.json
6723600	2026-10-05 21:20	./results/xgboost/xgb_c2_blend_s2_v2/model_A.json
6836034	2026-10-05 21:20	./results/xgboost/xgb_c2_blend_s2_v2/model_B.json
6290	2026-10-05 21:21	./results/xgboost/xgb_c2_blend_s2_v2/report.json
583	2026-10-05 21:21	./results/xgboost/xgb_c2_blend_s2_v2/val_breakdown.csv
3827743	2026-10-05 21:21	./results/xgboost/xgb_c2_blend_s2_v2/val_fn.tsv
217011	2026-10-05 21:21	./results/xgboost/xgb_c2_blend_s2_v2/val_fp.tsv
17609	2026-10-05 21:13	./results/xgboost/xgb_c2_blend_v2/decision.json
634	2026-10-05 21:13	./results/xgboost/xgb_c2_blend_v2/report.json
581	2026-10-05 21:13	./results/xgboost/xgb_c2_blend_v2/val_breakdown.csv
4381045	2026-10-05 21:13	./results/xgboost/xgb_c2_blend_v2/val_fn.tsv
262678	2026-10-05 21:13	./results/xgboost/xgb_c2_blend_v2/val_fp.tsv
17620	2026-10-05 21:12	./results/xgboost/xgb_c2_sim19_noemb_v2/decision.json
39819564	2026-10-05 21:11	./results/xgboost/xgb_c2_sim19_noemb_v2/model_A.json
39775408	2026-10-05 21:11	./results/xgboost/xgb_c2_sim19_noemb_v2/model_B.json
20374	2026-10-05 21:13	./results/xgboost/xgb_c2_sim19_noemb_v2/report.json
579	2026-10-05 21:12	./results/xgboost/xgb_c2_sim19_noemb_v2/val_breakdown.csv
4316194	2026-10-05 21:13	./results/xgboost/xgb_c2_sim19_noemb_v2/val_fn.tsv
337775	2026-10-05 21:13	./results/xgboost/xgb_c2_sim19_noemb_v2/val_fp.tsv
17621	2026-10-05 21:06	./results/xgboost/xgb_c2_sim19_v2/decision.json
41387955	2026-10-05 21:05	./results/xgboost/xgb_c2_sim19_v2/model_A.json
41013473	2026-10-05 21:05	./results/xgboost/xgb_c2_sim19_v2/model_B.json
20745	2026-10-05 21:06	./results/xgboost/xgb_c2_sim19_v2/report.json
583	2026-10-05 21:06	./results/xgboost/xgb_c2_sim19_v2/val_breakdown.csv
4352163	2026-10-05 21:06	./results/xgboost/xgb_c2_sim19_v2/val_fn.tsv
271905	2026-10-05 21:06	./results/xgboost/xgb_c2_sim19_v2/val_fp.tsv
17639	2026-10-05 23:13	./results/xgboost/xgb_v8_blend/decision.json
623	2026-10-05 23:13	./results/xgboost/xgb_v8_blend/report.json
579	2026-10-05 23:13	./results/xgboost/xgb_v8_blend/val_breakdown.csv
2866503	2026-10-05 23:13	./results/xgboost/xgb_v8_blend/val_fn.tsv
215730	2026-10-05 23:13	./results/xgboost/xgb_v8_blend/val_fp.tsv
17622	2026-10-05 23:20	./results/xgboost/xgb_v8_c1/decision.json
2980	2026-10-05 23:25	./results/xgboost/xgb_v8_c1/decode_eval.json
5958864	2026-10-05 23:18	./results/xgboost/xgb_v8_c1/model_A.json
5897822	2026-10-05 23:18	./results/xgboost/xgb_v8_c1/model_B.json
6957	2026-10-05 23:20	./results/xgboost/xgb_v8_c1/report.json
581	2026-10-05 23:20	./results/xgboost/xgb_v8_c1/val_breakdown.csv
2476765	2026-10-05 23:20	./results/xgboost/xgb_v8_c1/val_fn.tsv
166683	2026-10-05 23:20	./results/xgboost/xgb_v8_c1/val_fp.tsv
17619	2026-10-05 23:30	./results/xgboost/xgb_v8_c2/decision.json
2980	2026-10-05 23:35	./results/xgboost/xgb_v8_c2/decode_eval.json
2546758	2026-10-05 23:29	./results/xgboost/xgb_v8_c2/model_A.json
2550124	2026-10-05 23:29	./results/xgboost/xgb_v8_c2/model_B.json
6922	2026-10-05 23:30	./results/xgboost/xgb_v8_c2/report.json
577	2026-10-05 23:30	./results/xgboost/xgb_v8_c2/val_breakdown.csv
2671367	2026-10-05 23:30	./results/xgboost/xgb_v8_c2/val_fn.tsv
131623	2026-10-05 23:30	./results/xgboost/xgb_v8_c2/val_fp.tsv
17632	2026-10-05 23:08	./results/xgboost/xgb_v8_full/decision.json
34559591	2026-10-05 23:07	./results/xgboost/xgb_v8_full/model_A.json
34354247	2026-10-05 23:07	./results/xgboost/xgb_v8_full/model_B.json
21281	2026-10-05 23:08	./results/xgboost/xgb_v8_full/report.json
579	2026-10-05 23:08	./results/xgboost/xgb_v8_full/val_breakdown.csv
2993309	2026-10-05 23:08	./results/xgboost/xgb_v8_full/val_fn.tsv
196209	2026-10-05 23:08	./results/xgboost/xgb_v8_full/val_fp.tsv
17625	2026-10-05 23:12	./results/xgboost/xgb_v8_noemb/decision.json
30711971	2026-10-05 23:10	./results/xgboost/xgb_v8_noemb/model_A.json
30840710	2026-10-05 23:10	./results/xgboost/xgb_v8_noemb/model_B.json
21214	2026-10-05 23:12	./results/xgboost/xgb_v8_noemb/report.json
579	2026-10-05 23:12	./results/xgboost/xgb_v8_noemb/val_breakdown.csv
2938143	2026-10-05 23:12	./results/xgboost/xgb_v8_noemb/val_fn.tsv
234721	2026-10-05 23:12	./results/xgboost/xgb_v8_noemb/val_fp.tsv
37817	2026-09-27 16:02	./run_all.sh
10814	2026-09-27 16:02	./run_h100.py
5908	2026-09-27 16:02	./V5.md
19524	2026-09-27 16:02	./V6.md
17403	2026-09-27 16:02	./V6_RESEARCH.md
7981	2026-09-27 16:02	./V7.md
1183	2026-10-05 22:11	./v8_job.pbs
5736	2026-09-27 16:02	./V8.md
